record_id,sample_id,investor_name,gold_investor_type,auto_investor_type,investor_type_match,gold_filing_code,auto_filing_code,filing_code_match,gold_gp,auto_gp,gp_match,gold_gp_registration_code,auto_gp_registration_code,gp_registration_code_match,source_pages,manual_check_status,blank_reason
GOLD-MB001-001,MB001,中车泛海智能制造投资（天津）合伙企业（有限合伙）,PE基金,PE基金,True,,,True,,,True,,,True,53;55;72;99-101,confirmed,PDF未披露备案编码和GP登记编号
GOLD-MB001-002,MB001,天津同历宏阳三号企业管理咨询中心（有限合伙）,PE基金,PE基金,True,,,True,,,True,,,True,53;55;72;101-104,confirmed,PDF未披露备案编码和GP登记编号
GOLD-MB002-001,MB002,共青城泽升投资管理合伙企业（有限合伙）,员工持股平台,员工持股平台,True,,,True,金丽燕,金丽燕,True,,,True,60,exclude_not_pe,不是PE基金
GOLD-MB002-002,MB002,深圳市达晨创联私募股权投资基金合伙企业（有限合伙）,PE基金,PE基金,True,SR3967,SR3967,True,深圳市达晨财智创业投资管理有限公司,深圳市达晨财智创业投资管理有限公司,True,P1000900,P1000900,True,61;62;80;81,confirmed,
GOLD-MB002-003,MB002,江西省财投晨源股权投资中心（有限合伙）,PE基金,PE基金,True,SXW129,SXW129,True,深圳市达晨财智创业投资管理有限公司,深圳市达晨财智创业投资管理有限公司,True,P1000900,P1000900,True,64;80;81,confirmed,持股数量未在定位页直接披露
GOLD-MB002-004,MB002,深圳市达晨创程私募股权投资基金企业（有限合伙）,PE基金,PE基金,True,SVQ442,SVQ442,True,深圳市达晨财智创业投资管理有限公司,深圳市达晨财智创业投资管理有限公司,True,P1000900,P1000900,True,65;80;81,confirmed,
GOLD-MB002-005,MB002,杭州达晨创程股权投资基金合伙企业（有限合伙）,PE基金,PE基金,True,SVS108,SVS108,True,深圳市达晨财智创业投资管理有限公司,深圳市达晨财智创业投资管理有限公司,True,P1000900,P1000900,True,66;80;81,confirmed,
GOLD-MB002-006,MB002,深圳市财智创赢私募股权投资企业（有限合伙）,PE基金,PE基金,True,SNA667,SNA667,True,深圳市达晨财智创业投资管理有限公司,深圳市达晨财智创业投资管理有限公司,True,P1000900,P1000900,True,69;80;81,confirmed,
GOLD-MB002-007,MB002,达晨财汇投资中心（有限合伙）,PE基金,PE基金,True,STZ754,STZ754,True,深圳市达晨创业投资有限公司,深圳市达晨创业投资有限公司,True,P1070858,P1070858,True,76;80;81,confirmed,
GOLD-MB002-008,MB002,上海金浦临港智能科技股权投资基金合伙企业（有限合伙）,PE基金,PE基金,True,SY1807,SY1807,True,上海金浦智能科技投资管理有限公司,上海金浦智能科技投资管理有限公司,True,P1063908,P1063908,True,70;72;80;81,confirmed,
GOLD-MB002-009,MB002,上海金浦科技创业股权投资基金合伙企业（有限合伙）,PE基金,PE基金,True,SLZ239,SLZ239,True,上海金浦智能科技投资管理有限公司,上海金浦智能科技投资管理有限公司,True,P1063908,P1063908,True,72;73;80;81,confirmed,
GOLD-MB002-010,MB002,上海杉晖创业投资合伙企业（有限合伙）,VC基金,VC基金,True,SZA715,SZA715,True,上海杉杉创晖创业投资管理有限公司,上海杉杉创晖创业投资管理有限公司,True,P1004400,P1004400,True,77;80;81,confirmed,
GOLD-MB002-011,MB002,上海杉创智至创业投资合伙企业（有限合伙）,VC基金,VC基金,True,SVA072,SVA072,True,上海杉杉创晖创业投资管理有限公司,上海杉杉创晖创业投资管理有限公司,True,P1004400,P1004400,True,78;80;81,confirmed,
GOLD-GEM001-001,GEM001,黄山佳捷股权管理中心（有限合伙）,员工持股平台,员工持股平台,True,,,True,张俊武,张俊武,True,,,True,53;61,exclude_not_pe,不是PE基金
GOLD-GEM001-002,GEM001,机构股东整体,未知/未披露,未知/未披露,True,,,True,,,True,,,True,61,confirmed_blank,PDF确认无PE/VC基金备案主体
GOLD-GEM002-001,GEM002,芜湖富海浩研创业投资基金（有限合伙）,PE基金,PE基金,True,SD1578,SD1578,True,芜湖兴安创业投资基金管理有限公司,芜湖兴安创业投资基金管理有限公司,True,P1000762,P1000762,True,96,confirmed,持股数量未在备案页直接披露
GOLD-GEM002-002,GEM002,北京国科瑞华战略性新兴产业投资基金（有限合伙）,PE基金,PE基金,True,SE1802,SE1802,True,中国科技产业投资管理有限公司,中国科技产业投资管理有限公司,True,P1000510,P1000510,True,96,confirmed,持股数量未在备案页直接披露
GOLD-GEM002-003,GEM002,上海东方富海创业投资企业（有限合伙）,PE基金,PE基金,True,SD4217,SD4217,True,东方富海（上海）投资管理合伙企业（有限合伙）,东方富海（上海）投资管理合伙企业（有限合伙）,True,P1001155,P1001155,True,96,confirmed,持股数量未在备案页直接披露
GOLD-GEM002-004,GEM002,深圳南山东方富海中小微创业投资基金合伙企业（有限合伙）,PE基金,PE基金,True,SCR200,SCR200,True,深圳市东方富海创业投资管理有限公司,深圳市东方富海创业投资管理有限公司,True,P1020765,P1020765,True,96,confirmed,持股数量未在备案页直接披露
GOLD-GEM002-005,GEM002,厦门西堤源股权投资合伙企业（有限合伙）,PE基金,PE基金,True,SLV344,SLV344,True,厦门西堤源股权投资合伙企业（有限合伙）,厦门西堤源股权投资合伙企业（有限合伙）,True,P1069922,P1069922,True,96,confirmed,持股数量未在备案页直接披露
GOLD-GEM002-006,GEM002,深圳市创新投资集团有限公司,VC基金,VC基金,True,,,True,深圳市创新投资集团有限公司,,False,P1000284,P1000284,True,96,confirmed,基金产品备案编码不适用
GOLD-GEM002-007,GEM002,厦门市天健源达股权投资合伙企业（有限合伙）,PE基金,PE基金,True,SM7375,SM7375,True,厦门蜜呆资产管理合伙企业（有限合伙）,,False,P1060176,,False,88;96,confirmed,
GOLD-GEM002-008,GEM002,中科贵银（贵州）产业投资基金（有限合伙）,PE基金,PE基金,True,SD4760,SD4760,True,中国科技产业投资管理有限公司,中国科技产业投资管理有限公司,True,P1000510,P1000510,True,97,confirmed,持股数量未在备案页直接披露
GOLD-GEM002-009,GEM002,深圳东方富海节能环保创业投资基金合伙企业（有限合伙）,PE基金,PE基金,True,SCZ580,SCZ580,True,深圳市富海鑫湾股权投资基金管理企业（有限合伙）,深圳市富海鑫湾股权投资基金管理企业（有限合伙）,True,P1020562,P1020562,True,95;97,confirmed,持股数量未在备案页直接披露
GOLD-GEM002-010,GEM002,深圳市富海中小企业发展基金股权投资合伙企业（有限合伙）,PE基金,PE基金,True,SR5570,SR5570,True,深圳市富海中小企业发展基金股权投资管理有限公司,深圳市富海中小企业发展基金股权投资管理有限公司,True,P1031644,P1031644,True,97,confirmed,持股数量未在备案页直接披露
GOLD-GEM002-011,GEM002,珠海拓域股权投资中心（有限合伙）,PE基金,PE基金,True,SX9127,SX9127,True,珠海拓域股权投资中心（有限合伙）,珠海拓域股权投资中心（有限合伙）,True,P1062184,P1062184,True,97,confirmed,持股数量和比例未在定位页直接披露
GOLD-GEM002-012,GEM002,镇江红土创业投资有限公司,VC基金,VC基金,True,S27635,S27635,True,江苏红土创业投资管理有限公司,江苏红土创业投资管理有限公司,True,P1009540,P1009540,True,97,confirmed,持股数量未在备案页直接披露
GOLD-GEM002-013,GEM002,昆山红土高新创业投资有限公司,VC基金,VC基金,True,SD6432,SD6432,True,昆山红土创业投资管理有限公司,昆山红土创业投资管理有限公司,True,P1013658,P1013658,True,97,confirmed,持股数量未在备案页直接披露
GOLD-GEM002-014,GEM002,深圳富海深湾创业投资基金企业（有限合伙）,PE基金,PE基金,True,SE6250,SE6250,True,东方富海（芜湖）股权投资基金管理企业（有限合伙）,东方富海（芜湖）股权投资基金管理企业（有限合伙）,True,P1001075,P1001075,True,97,confirmed,持股数量未在备案页直接披露
GOLD-GEM002-015,GEM002,湘裕君源股权投资合伙企业（有限合伙）,PE基金,PE基金,True,SJX381,SJX381,True,深圳东方君源资产管理有限公司,深圳东方君源资产管理有限公司,True,P1022337,P1022337,True,97;98,confirmed,持股数量和比例未在定位页直接披露
GOLD-GEM002-016,GEM002,上海临港松江科技创业投资有限公司,PE基金,PE基金,True,SW1152,SW1152,True,上海临港松江创业投资管理有限公司,上海临港松江创业投资管理有限公司,True,P1063171,P1063171,True,98,confirmed,持股数量和比例未在定位页直接披露
GOLD-GEM002-017,GEM002,深圳市为赛咨询企业（有限合伙）,员工持股平台,员工持股平台,True,,,True,,,True,,,True,96,exclude_not_pe,不是PE基金
GOLD-STAR001-001,STAR001,安徽同华高新技术中心（有限合伙）,普通企业投资人,普通企业投资人,True,,,True,安徽同华投资管理中心（有限合伙）,,False,,,True,76,exclude_not_pe,未备案
GOLD-STAR001-002,STAR001,江苏国寿疌泉股权投资中心（有限合伙）,PE基金,PE基金,True,SJZ124,SJZ124,True,国寿（江苏）股权投资有限公司,,False,P1033329,P1033329,True,84;85;86,confirmed,持股数量未在定位页直接披露
GOLD-STAR001-003,STAR001,南京华泰大健康一号股权投资合伙企业（有限合伙）,证券公司私募/资管产品,证券公司私募/资管产品,True,S32514,S32514,True,华泰紫金投资有限责任公司,华泰紫金投资有限责任公司,True,PT2600011618,PT2600011618,True,84;85;86,confirmed,
GOLD-STAR001-004,STAR001,上海复星惟盈股权投资基金合伙企业（有限合伙）,PE基金,PE基金,True,SED828,SED828,True,上海复星创富投资管理股份有限公司,上海复星创富投资管理股份有限公司,True,P1000303,P1000303,True,85;86,confirmed,持股数量和比例未在定位页直接披露
GOLD-STAR001-005,STAR001,南京华泰大健康二号股权投资合伙企业（有限合伙）,证券公司私募/资管产品,证券公司私募/资管产品,True,S32515,S32515,True,华泰紫金投资有限责任公司,华泰紫金投资有限责任公司,True,PT2600011618,PT2600011618,True,85;86,confirmed,
GOLD-STAR001-006,STAR001,高瓴祈睿医疗产业股权投资基金（有限合伙）,PE基金,PE基金,True,SQS796,SQS796,True,珠海高瓴股权投资管理有限公司,珠海高瓴股权投资管理有限公司,True,P1002820,P1002820,True,85;86,confirmed,持股数量和比例未在定位页直接披露
GOLD-STAR001-007,STAR001,国药中生生物技术产业投资基金（有限合伙）,PE基金,PE基金,True,SCT216,SCT216,True,上海健壹私募基金管理有限公司,上海健壹私募基金管理有限公司,True,P1000641,P1000641,True,85;86,confirmed,持股数量和比例未在定位页直接披露
GOLD-STAR001-008,STAR001,国药二期股权投资基金（有限合伙）,PE基金,PE基金,True,SLX955,SLX955,True,上海健壹私募基金管理有限公司,上海健壹私募基金管理有限公司,True,P1000641,P1000641,True,85;86,confirmed,持股数量和比例未在定位页直接披露
GOLD-STAR001-009,STAR001,夏尔巴二期股权投资基金,PE基金,PE基金,True,SNZ052,SNZ052,True,珠海夏尔巴股权投资管理有限公司,珠海夏尔巴股权投资管理有限公司,True,P1068644,P1068644,True,85;86,confirmed,持股数量和比例未在定位页直接披露
GOLD-STAR001-010,STAR001,聚贝投资,PE基金,PE基金,True,SK4536,SK4536,True,北京宏儒和愉投资管理有限公司,北京宏儒和愉投资管理有限公司,True,P1025162,P1025162,True,85;86,confirmed,
GOLD-STAR001-011,STAR001,苏州敦行价值创业投资合伙企业（有限合伙）,VC基金,VC基金,True,SX2850,SX2850,True,苏州敦行投资管理有限公司,苏州敦行投资管理有限公司,True,P1064670,P1064670,True,85;86,confirmed,持股数量和比例未在定位页直接披露
GOLD-STAR002-001,STAR002,华金同达创业投资基金,PE基金,PE基金,True,SCU060,SCU060,True,珠海铧盈投资有限公司,珠海铧盈投资有限公司,True,,,True,109,confirmed,管理人登记编号未在定位表披露
GOLD-STAR002-002,STAR002,厦门富凯投资合伙企业,PE基金,PE基金,True,S68363,S68363,True,厦门富凯海创投资管理有限公司,厦门富凯海创投资管理有限公司,True,,,True,109,confirmed,管理人登记编号未在定位表披露
GOLD-STAR002-003,STAR002,伊敦传媒投资基金,PE基金,PE基金,True,SS7512,SS7512,True,深圳市招商金台资本管理有限责任公司,深圳市招商金台资本管理有限责任公司,True,,,True,109,confirmed,管理人登记编号未在定位表披露
GOLD-STAR002-004,STAR002,领誉基石股权投资基金,PE基金,PE基金,True,SW2464,SW2464,True,深圳市领信基石股权投资基金管理合伙企业（有限合伙）,深圳市领信基石股权投资基金管理合伙企业（有限合伙）,True,,,True,109,confirmed,管理人登记编号未在定位表披露
GOLD-STAR002-005,STAR002,芜湖旷沄人工智能产业投资基金,PE基金,PE基金,True,SEZ081,SEZ081,True,珠海佑柏私募基金管理有限公司,珠海佑柏私募基金管理有限公司,True,,,True,109,confirmed,管理人登记编号未在定位表披露
GOLD-STAR002-006,STAR002,朗玛六号（北京）私募创业投资基金合伙企业（有限合伙）,VC基金,VC基金,True,SEW534,SEW534,True,朗玛峰创业投资有限公司,朗玛峰创业投资有限公司,True,P1064801,P1064801,True,92;94;109,confirmed,
GOLD-STAR002-007,STAR002,朗玛五号（北京）私募创业投资基金合伙企业（有限合伙）,VC基金,VC基金,True,SEX757,SEX757,True,朗玛峰创业投资有限公司,朗玛峰创业投资有限公司,True,P1064801,P1064801,True,90;92;109,confirmed,
GOLD-STAR002-008,STAR002,朗玛九号（深圳）创业投资中心（有限合伙）,VC基金,VC基金,True,SEU290,SEU290,True,朗玛峰创业投资有限公司,朗玛峰创业投资有限公司,True,P1064801,P1064801,True,94;96;109,confirmed,
GOLD-STAR002-009,STAR002,朗玛十四号（深圳）创业投资中心（有限合伙）,VC基金,VC基金,True,SGP966,SGP966,True,朗玛峰创业投资有限公司,朗玛峰创业投资有限公司,True,P1064801,P1064801,True,96;98;110,confirmed,
GOLD-STAR002-010,STAR002,利得鑫投股权投资基金,PE基金,PE基金,True,SCM767,SCM767,True,寿光市金投股权投资基金管理有限公司,寿光市金投股权投资基金管理有限公司,True,,,True,110,confirmed,管理人登记编号未在定位表披露
GOLD-STAR002-011,STAR002,珠海华金创盈三号股权投资基金合伙企业（有限合伙）,PE基金,PE基金,True,SET027,SET027,True,珠海华金领创基金管理有限公司,珠海华金领创基金管理有限公司,True,,,True,103;104;110,confirmed,管理人登记编号未在定位表披露
GOLD-STAR002-012,STAR002,宁波梅山保税港区威明投资管理合伙企业（有限合伙）,PE基金,PE基金,True,SEF093,SEF093,True,广东禾一泽成私募基金管理有限公司,广东禾一泽成私募基金管理有限公司,True,,,True,105;110,confirmed,管理人登记编号未在定位表披露
GOLD-STAR002-013,STAR002,金石智娱投资基金,证券公司私募/资管产品,证券公司私募/资管产品,True,S32436,S32436,True,中信金石投资有限公司,中信金石投资有限公司,True,,,True,110,confirmed,管理人登记编号未在定位表披露
GOLD-STAR002-014,STAR002,岚沣管理咨询（深圳）合伙企业（有限合伙）,员工持股平台,员工持股平台,True,,,True,深圳斓枫科技有限公司,深圳斓枫科技有限公司,True,,,True,77;78,exclude_not_pe,不是PE基金
GOLD-BSE001-001,BSE001,深圳市稳正景明创业投资企业（有限合伙）,VC基金,VC基金,True,SNG030,SNG030,True,深圳市稳正资产管理有限公司,深圳市稳正资产管理有限公司,True,P1003586,P1003586,True,35;37;39,confirmed,
GOLD-BSE001-002,BSE001,长泽创投,VC基金,VC基金,True,SVU935,SVU935,True,深圳市稳正资产管理有限公司,深圳市稳正资产管理有限公司,True,P1003586,P1003586,True,37;39,confirmed,
GOLD-BSE002-001,BSE002,哈尔滨普拉特企业管理咨询有限合伙企业,员工持股平台,员工持股平台,True,,,True,王飞山,王飞山,True,,,True,39;40;41;48,exclude_not_pe,不是PE基金
GOLD-BSE002-002,BSE002,融汇工创,普通企业投资人,普通企业投资人,True,,,True,,,True,,,True,发行前前十名股东,PDF未披露PE/VC属性,
