investor_type,definition,positive_keywords,negative_keywords,review_note
PE基金,直接或间接持有发行人股份且招股书披露为私募投资基金/股权投资基金/创业投资基金的机构,私募|基金|股权投资基金|创业投资基金|投资基金合伙企业|创业投资合伙企业|备案编码|基金编号,员工持股平台|主营业务员工持股平台,老师强调的重点类型；必须提取备案编码、基金管理人/GP、LP结构披露情况
VC基金,名称或披露口径明确为创业投资基金/创投基金的机构,创业投资|创投|venture|VC|启明|朗玛|达晨|红杉|深创投,员工持股平台,可归入 PE/VC 统称，但保留 VC 标签便于后续分组
CVC/产业资本,具有产业背景的企业或产业投资平台,产业投资|集团|控股|供应链|汽车|电子|材料|制造|战略投资,基金|员工持股平台,需要人工判断是否真为产业资本；PDF不披露投资目的时不强行写战略投资
员工持股平台,发行人或实际控制人设立的员工持股/激励平台,员工持股平台|合伙人均为公司员工|任职岗位|核心员工|持股平台,私募基金|备案编码,不是 PE/VC，容易被“有限合伙”误判，需单独排除
自然人,个人股东或个人投资者,中国国籍|身份证号码|自然人|先生|女士,,自然人一般不提 GP/LP
国资/政府引导基金,财政、国资、地方政府或政府引导基金背景投资主体,国有|国资|财政|政府引导基金|产业引导基金|国投|地方金融控股,员工持股平台,需要结合股东穿透和实际控制人描述判断
证券公司私募/资管产品,证券公司或资管计划相关产品,证券公司私募|资产管理计划|资管计划|产品编码|中金|中信证券|华泰,保荐机构,与普通 PE 基金分开标注
普通企业投资人,非基金、非自然人、非员工平台的企业股东,有限公司|股份有限公司|企业法人,,若 PDF 没有披露投资属性，只写普通企业投资人
未知/未披露,PDF相关页未披露或无法可靠判断的主体,,,工程原则：缺字段留空，不用外部猜测补齐
