sample_id,pdf_name,page,keyword,snippet
BSE001,BSE001_920100_常州三协电机股份有限公司_招股说明书.pdf,34,执行事务合伙人,1-1-34年2月，任常州三协自动化科技有限公司监事；2012年3月至2021年9月，任常州罗伊泰克电机有限公司执行董事兼总经理；2019年1月至2023年11月，任常州九合至鼎投资合伙企业（有限合伙）执行事务合伙人；2022年11月至今，任晟亿电气董事长；2023年5月至今，任香港三协董事；2023年11月至今，任三协设备执行董事；2023年11月至今，任新时代动力总经理；2024年8月至今，任美国三协经理。朱绶青：中国国籍，无境外永久居留权，女，1972年10月出生，大专学历，身份证号码为3204051972********。1992年8月至今，在常州市第二十四中学工作，任教师；2018年9月至2023年10月，任三协电机董事。盛月瑶，中国国籍，无境外永久居留权，女，1969年11月出生，大专学历。1988年8月至1998年1月，任江苏靖江邮电局报房员工；1998年1月至2019年11月，任中国联合网络通信有限公司靖江市分公司集团部员工；2020年1月至2022年11月，任晟亿电气（上海）有限公司董事长；2011年7月至今历任常州三协电机股份有限公司（含常州市三协电机电器有限公司、常州市三协电机电器股份有限公司）人力资源部经理、顾问，2018年9月至2022年12月，任常州三协电机股份有限公司董事。（二）持有发行人5%以上股份的其他主要股东截至本招股说明书签署日，持有公司5%以上股份的主要股东为盛祎、朱绶青及稳正景明。
BSE001,BSE001_920100_常州三协电机股份有限公司_招股说明书.pdf,35,私募基金,"1-1-35熊强波有限合伙人1.9412%深圳市稳正资产管理有限公司普通合伙人0.0196%稳正景明为私募基金，于2020年11月16日在中国证券投资基金业协会备案，备案编码为SNG030。稳正景明基金管理人为深圳市稳正资产管理有限公司。深圳市稳正资产管理有限公司成立于2013年11月11日，注册资本2,000万元人民币，法定代表人为熊强波。深圳市稳正资产管理有限公司于2014年6月4日完成私募基金管理人备案登记，登记编号P1003586。（三）发行人的股份存在涉诉、质押、冻结或其他有争议的情况截至本招股说明书签署日，发行人的股份不存在涉诉、质押、冻结或其他有争议的情况。（四）控股股东、实际控制人所控制的其他企业情况截至本招股说明书签署日，除发行人及子公司外，盛祎、朱绶青无其他控制的企业。五、发行人股本情况（一）本次发行前后的股本结构情况本次发行前，公司总股本为5,310.93万股，本次发行上市预计向公众发行不超过1,800.00万股（含本数，不考虑公司本次发行的超额配售选择权），或不超过2,070.00万股（含本数，全额行使公司本次发行的超额配售选择权），发行后公众股东持股比例占发行后总股本的比例不低于25%。在不考虑公司本次发行的超额配售选择权的情况下，本次发行前后的股本情况如下表：序号股东姓名发行前发行后股数（股）持股"
BSE001,BSE001_920100_常州三协电机股份有限公司_招股说明书.pdf,37,私募基金,"0.94合计-5,310.935,310.92100.00注：现有其他股东中，张雯华持股数为138股，为无限售股，张雯华为通过集合竞价方式持有发行人股票的股东。（三）主要股东间关联关系的具体情况序号关联方股东名称关联关系描述1盛祎、朱绶青盛祎、朱绶青为夫妻关系2盛祎、盛月瑶盛月瑶为盛祎的姐姐3稳正景明、长泽创投稳正景明、长泽创投的普通合伙人、执行事务合伙人、私募基金管理人均为深圳市稳正资产管理有限公司（四）其他披露事项1、申报前12个月新增股东情况公司申报前12个月的新增股东均系2023年通过认购公司定向发行股份方式成为新股东。截至本招股说明书签署日，发行人新增股东自取得股份之日起均已满12个月，期间未发生过股份转让情形。具体情况如下：（1）新增股东基本情况、入股原因、入股价格及定价依据①新增股东基本情况公司申报前12个月新增股东的基本情况具体如下：序号股东姓名居民身份证号码有无境外永久居留权持有发行人股份比例（%）目前在发行人处的任职情况1盛月瑶321024196911******无1.0134人力资源顾问2盛松321282197708******无0.3898董事、销售总监"
BSE001,BSE001_920100_常州三协电机股份有限公司_招股说明书.pdf,38,新增股东,利342425198506******无0.1299制造部经理11董雪强320483198411******无0.0780工程主管12文涛612301197510******无0.0780工艺工程师13付荷庆320722198704******无0.0780技术主管14陈韵320402198807******无0.0260技术主管②入股原因公司申报前12个月新增股东均系通过认购发行人2023年定向发行股票方式入股发行人，入股原因系看好发行人发展前景，提升荣誉感、增强团队凝聚力，激励员工为公司发展做出更大贡献，实现公司快速发展，满足公司战略发展的资金需要，扩大资本实力的同时进一步提升员工努力推动公司发展的获得感。③入股价格及定价依据公司新增股东的入股价格为5.41元/股，入股价格系在充分考虑公司每股净资产及每股收益、公司所处行业及成长性、定向发行股票报告期的权益分派情况等多种因素后确定。（2）新增股东与发行人其他股东、董事、监事、高级管理人员的关联关系截至本招股说明书签署日，新增股东中，盛月瑶系盛祎的姐姐，盛祎与朱绶青系夫妻，盛月瑶系盛祎和朱绶青的一致行动人。除上述情况外，新增股东与发行人其他股东、董事、监事、高级管理人员不存在其他关联关系。（3）新增股东与本次发行的中介机构及其相关人员的关联关系截至本招股说明书签署日，新增股东与本次发行的中介机构及其负责人、高级管理人员、经办人员不存在关联关系。（4）新增股东及其持股主体、其他股东之间是否存在股份代持情形截至本招股说明书签署日，新增股东及其持股主体、其他股东之间不存在股份代持情形。（5）新增股东间以及新增股东的直接或间接控制主体
BSE001,BSE001_920100_常州三协电机股份有限公司_招股说明书.pdf,39,私募投资基金,1-1-39截至本招股说明书签署日，公司新增股东间以及新增股东的直接或间接控制主体间不存在一致行动关系。（6）新增股东是否属于战略投资者公司新增股东不属于战略投资者。2、直接持有发行人股份的私募投资基金纳入监管情况直接持有发行人的股东中，稳正景明和长泽创投为私募基金。稳正景明于2020年11月16日在中国证券投资基金业协会备案，备案编码为SNG030；长泽创投于2022年6月27日在中国证券投资基金业协会备案，备案编码为SVU935。稳正景明和长泽创投的基金管理人为深圳市稳正资产管理有限公司，已于2014年6月4日完成私募基金管理人备案登记，登记编号P1003586。3、其他披露情况发行人历史沿革中存在股权代持情况，具体情况参见公司挂牌时于全国股转系统披露的《常州三协电机股份有限公司公开转让说明书》。2021年3月，上述股权代持已解除，涉及代持各方不存在纠纷或潜在纠纷，上述股权代持情况不影响发行人股权有效性，不构成本次发行的实质性法律障碍。截至本招股说明书签署日，公司不存在股权代持的情况。六、股权激励等可能导致发行人股权结构变化的事项截至本招股说明书签署日，公司实施并完成过一次股权激励，不存在其他已经制定或正在实施的股权激励计划及相关安排，已完成的一次股权激励详见本招股说明书“第四节发行人基本情况”之“二、发行人挂牌期间的基本情况”之“（八）报告期内发行融资情况”之“2、2023年股票发行”。除上述股权激励事项
BSE001,BSE001_920100_常州三协电机股份有限公司_招股说明书.pdf,56,执行事务合伙人,"诺企业管理有限公司50,000.00100.00%（四）其他披露事项1、董事、监事、高级管理人员的兼职情况及所兼职单位与公司的关联关系截至本招股说明书签署日，公司董事、监事、高级管理人员在除公司及控股公司之外的其他单位的任职/兼职情况如下：姓名职务兼职单位兼职职务兼职单位与本公司关系盛祎董事长、总经理晟亿电气董事长关联方王进董事深圳市帝成投资中心（有限合伙）执行事务合伙人委派代表关联方深圳市稳正瑞丰投资中心（有限合伙）执行事务合伙人委派代表关联方深圳市稳正君拓创业投资企业（有限合伙）执行事务合伙人委派代表关联方深圳市稳正长兴创业投资企业（有限合伙）执行事务合伙人委派代表关联方深圳市稳正瑞和创业投资企业（有限合伙）执行事务合伙人委派代表关联方深圳市稳正君成创业投资企业（有限合伙）执行事务合伙人委派代表关联方深圳市稳正君杨创业投资企业（有限合伙）执行事务合伙人委派代表关联方深圳市德之产投资中心（有限合伙）执行事务合伙人关联方深圳市稳正睿享投资中心（有限合伙）执行事务合伙人委派代表关联方深圳市君正创业企业（有限合伙）执行事务合伙人委派代表关联方深圳市稳正长华创业投资企业（有限合伙）执行事务合伙人委派代表关联方深圳市稳正投资有限公司监事-深圳市稳正资产管理有限公司监事-武汉奥森迪科智能科技股份有限公司董事关联方深圳市优易控软件有限公司监事-深圳市稳正长富创业投资企业（有限合伙）执行事务合伙人委派代表关联方夏卫军独立董事江苏恒太照明股份有限公司董事、董事会秘书关联方谢肖琳独立董事江苏中企华中天资产评估有限公司董事长关联方江苏恒太照明股份有限公司独立董事关联方"
BSE001,BSE001_920100_常州三协电机股份有限公司_招股说明书.pdf,151,执行事务合伙人,处离职（5）前述关联人士关系密切的家庭成员发行人上述关联自然人关系密切的家庭成员，包括配偶、年满18周岁的子女及其配偶、父母及配偶的父母、兄弟姐妹及其配偶、配偶的兄弟姐妹、子女配偶的父母。2、关联法人（1）持有发行人5%以上股份的法人或其他组织序号关联方名称关联关系1稳正景明直接持有发行人9.16%的股份2长泽创投直接持有发行人4.61%的股份，与稳正景明的执行事务合伙人均为稳正资产，系同一控制，合计持股超5%3雷赛智能雷赛智能持有稳正景明98.0392%的出资份额，间接持有发行人8.98%的股份（2）发行人的子公司、参股公司、孙公司截至本招股说明书签署日，发行人共有6家控股子公司、1家参股公司、2家孙公司。发行人控股子公司为三协机电、三合融创、香港三协、摩迩特、三正驱动、美国三协，参股公司为晟亿电气，孙公司为深圳三协、新时代动力。序号关联方名称关联关系1三协设备发行人持股100%2三合融创发行人持股100%3香港三协发行人持股100%4摩迩特发行人持股70%5三正驱动发行人持股60%6晟亿电气发行人全资子公司三合融创持股40%、发行人实际控制人盛祎担任董事长7深圳三协2022年11月，发行人全资子公司三合融创首次持有深圳三协32.50%股权；2023年4月，深圳三协增资，三合融创持股比例变为29.54%；2023年8月，三合融创受让朱南保所持深圳三协21.46%的股份，持股比例变为51.00%；2024年6月，深圳三协减资，三合融创持股比例变为56.10%；2025年7月，深圳三协减资，三合融创的持股比例变为60.65%。
BSE001,BSE001_920100_常州三协电机股份有限公司_招股说明书.pdf,152,执行事务合伙人,股100%9美国三协发行人持股100%（3）在报告期内控股股东、实际控制人、持股5%以上的股东、董事、监事、高级管理人员直接或者间接控制的，或者担任董事、高级管理人员的，或者能够施加重大影响的，除公司及其控股子公司以外的法人或者其他组织，是公司的关联方。主要如下：序号关联方名称关联关系1深圳市德之产投资中心（有限合伙）发行人董事王进持股22.5166%且担任执行事务合伙人2武汉奥森迪科智能科技股份有限公司发行人董事王进担任该公司董事3深圳市帝成投资中心（有限合伙）发行人董事王进担任执行事务合伙人委派代表4深圳市稳正瑞丰投资中心（有限合伙）发行人董事王进担任执行事务合伙人委派代表5深圳市稳正君拓创业投资企业（有限合伙）发行人董事王进担任执行事务合伙人委派代表6深圳市稳正长兴创业投资企业（有限合伙）发行人董事王进担任执行事务合伙人委派代表7深圳市稳正瑞和创业投资企业（有限合伙）发行人董事王进担任执行事务合伙人委派代表8深圳市稳正君成创业投资企业（有限合伙）发行人董事王进担任执行事务合伙人委派代表9深圳市稳正君杨创业投资企业（有限合伙）发行人董事王进担任执行事务合伙人委派代表10深圳市稳正睿享投资中心（有限合伙）发行人董事王进担任执行事务合伙人委派代表11深圳市君正创业企业（有限合伙）发行人董事王进担任执行事务合伙人委派代表12深圳市稳正长华创业投资企业（有限合伙）发行人董事王进担任执行事务合伙人委派代表13江苏恒太照明股份有限公司发行人独立董事夏卫军担任董事、董事会秘书，发行人独立董事谢肖琳担任独立董事14江苏中企华中天资产评估有限公司发行人独立董事谢肖琳担任董事长15常高新集团有
BSE001,BSE001_920100_常州三协电机股份有限公司_招股说明书.pdf,153,执行事务合伙人,工程有限公司发行人原董事盛月瑶配偶之侄持股100%且担任执行董事（5）其他关联法人序号关联方名称关联关系1无锡新知培训有限公司李华持有该公司40%股权，李华配偶苏芳持有该公司60%股权2无锡汇才人力资源服务有限公司李华配偶苏芳持有该公司66%股权3昊基人力资源服务无锡有限公司李华配偶苏芳担任该公司董事长兼总经理4深圳市稳正资产管理有限公司稳正景明、长泽创投的执行事务合伙人5上海市雷智电机有限公司雷赛智能持股100%6深圳市灵犀自动化技术有限公司雷赛智能持股70%7深圳市德智高新有限公司朱南保持股95.75%并担任执行董事、总经理8深圳市德研机电有限公司朱南保持股90%并担任总经理9诸暨市荣义电脑袜机维修部发行人前员工张荣义设立的个体工商户3、公司曾经的主要关联方序号关联方名称关联关系1常州通驰电驱技术有限公司发行人曾持股25%、吴俊华曾持股5%，已于2023年12月21日注销2常州三协自动化科技有限公司盛祎曾持股90.9091%且担任监事，已于2023年2月9日注销3常州罗伊泰克电机有限公司盛祎曾持股65%且担任执行董事兼总经理，已于2021年9月14日注销4常州九合至鼎投资合伙企业（有限合伙）盛祎曾持股90%且担任执行事务合伙人，薛小丽持股10%，已于2023年11月13日注销5稳进（珠海）资产管理有限公司王进曾担任执行董事，已于2022年6月21日注销6深圳市聚稳壹号投资中心（有限合伙）王进曾担任执行事务合伙人委派代表，已于2023年3月16日注销7深圳市雷赛自动化系统有限公司王进曾担任董事，于2022年6月卸任8腾龙两江（重庆）数据科技集团有限公司王进曾担任董事，于202
BSE001,BSE001_920100_常州三协电机股份有限公司_招股说明书.pdf,154,执行事务合伙人,于美国成立的公司，无实际经营，已于2023年12月办理完成注销手续13无锡市弗兰德工程设备有限公司实际控制人盛祎的父亲陈亮持股51%且担任公司执行董事兼总经理，该公司于2008年12月吊销，2024年3月办理完成注销手续14龙利得智能科技股份有限公司独立董事谢肖琳曾担任独立董事，已于2024年5月卸任15深圳市稳正长信创业投资企业（有限合伙）董事王进曾经担任执行事务合伙人委派代表，已于2024年8月23日注销16深圳市稳正长瀚创业投资企业（有限合伙）发行人董事王进曾经担任执行事务合伙人委派代表，已于2024年8月26日注销17深圳市稳正长旭创业投资企业（有限合伙）发行人董事王进曾经担任执行事务合伙人委派代表，已于2024年9月6日注销18深圳昆仑稳正二期投资企业（有限合伙）发行人董事王进曾经担任执行事务合伙人委派代表，已于2024年9月24日注销19深圳市稳正长恒创业投资企业（有限合伙）发行人董事王进曾经担任执行事务合伙人委派代表，已于2024年9月14日注销20深圳市稳正长青投资中心（有限合伙）发行人董事王进曾担任执行事务合伙人委派代表，已于2024年12月31日注销21无锡格林司通自动化设备股份有限公司发行人独立董事夏卫军曾担任独立董事，已于2025年1月卸任22江苏北辰互邦电力股份有限公司发行人独立董事夏卫军曾担任独立董事，已于2025年4月卸任（二）关联交易1、经常性关联交易（1）销售商品、提供劳务的关联交易报告期内，三协电机向关联方销售的具体情况如下：单位：万元、%关联方关联交易内容2024年2023年2022年金额占当期营业收入比例金额占当期营业收入比例金额占当期营
BSE002,BSE002_920091_哈尔滨岛田大鹏工业股份有限公司_招股说明书.pdf,39,普通合伙人,"1-1-39劳克斯曾为公司员工持股平台普拉特的普通合伙人。2020年，为扩大员工持股范围、维持核心人才队伍稳定、保障公司长远发展，劳克斯将其持有的普拉特份额全部转让予王飞山。报告期内，劳克斯未开展实际经营。劳克斯的基本情况如下：公司名称哈尔滨劳克斯科技有限公司统一社会信用代码91230111MA18X0KX32法定代表人李鹏堂成立时间2016年2月2日注册资本10.00万元注册地址哈尔滨市利民开发区南京路北华远新家园14栋2单元3层1号经营范围科技中介服务；企业管理；以自有资金从事投资活动；自有资金投资的资产管理服务主要业务无实际经营股权结构李鹏堂持股100%五、发行人股本情况（一）本次发行前后的股本结构情况公司本次发行前总股本为46,465,200股，其中公众股东持股2.15%；本次发行人民币普通股15,000,000股股票，占发行后总股本的24.40%；本次发行完成后，公司公众股东持股为26.03%，比例不低于25%。本次发行前后公司股本变化具体情况如下：序号股东名称本次发行前股本结构本次发行后股本结构持股数量（股）持股比例持股数量（股）持股比例1博德工业31,930,20068.72%31,930,20051.95%2李鹏堂11,809,80025.42%11,8"
BSE002,BSE002_920091_哈尔滨岛田大鹏工业股份有限公司_招股说明书.pdf,40,执行事务合伙人,已实施的员工持股计划（1）基本情况普拉特为公司员工持股平台，截至本招股说明书签署日，持有公司172.50万股股份，占公司本次发行上市前股份总数的3.71%。普拉特共有合伙人45人，均为已与公司签订劳动合同的员工且符合本次员工持股计划参与条件。普拉特的基本情况如下：公司名称哈尔滨普拉特企业管理咨询有限合伙企业统一社会信用代码91230111MA18XEE70T执行事务合伙人王飞山成立日期2016年3月31日住所哈尔滨市利民开发区南京路华远新家园23栋3单元3层1号
BSE002,BSE002_920091_哈尔滨岛田大鹏工业股份有限公司_招股说明书.pdf,41,执行事务合伙人,1-1-41出资额9.3209万元执行事务合伙人王飞山经营范围企业管理咨询。（2）人员构成截至本招股说明书签署日，普拉特的合伙人均为公司员工，其中：王飞山为普通合伙人，其余员工均为有限合伙人，具体情况如下：序号合伙人名称任职岗位入职时间持有出资额（万元）出资比例(%)1王飞山副总经理2012.2.271.1512.322杨璐原监事会主席、清洗剂销售部部长2005.8.190.727.723全江海原监事、清洗机销售部部长2004.10.200.606.444韩庆玲证券部部长2016.2.210.586.185周芝彬财务负责人、董事会秘书2005.9.120.566.026吴相军机械设计研发部副部长2006.6.190.464.947蒋喜库董事、生产部部长2008.9.20.454.838白铁权原监事、智能销售部部长2007.3.250.373.949王大亮董事、机械设计研发部部长、技术总监2007.8.70.363.8610王荔岩华耐视总经理2022.1.100.283.0011王铭铭电工班班长2008.9.220.252.7012王瑞工艺室主任、外协室主任2008.10.20.242.5713孙书辉清洗机销售部副部长2007.8.10.242.5714谢本才
BSE002,BSE002_920091_哈尔滨岛田大鹏工业股份有限公司_招股说明书.pdf,47,执行事务合伙人,族，1965年8月出生，中国国籍，无境外永久居留权，毕业于合肥工业大学，机械制造专业本科学历，高级工程师。1988年8月至2012年2月在哈尔滨环保制氢设备工业公司历任工程师、制氢设备研究所副所长、制氢分厂书记、研发部部长；2012年2月至2015年6月在大鹏有限任生产部部长；2015年6月至今在大鹏工业（含大鹏有限）任副总经理，2020年9月至今在普拉特任执行事务合伙人。（4）周芝彬周芝彬，男，汉族，1971年3月出生，中国国籍，无境外永久居留权，毕业于黑龙江财政专科学校，审计专业专科学历，中级会计师。1993年8月至1996年12月在哈尔滨白天鹅制药厂任会计；1997年1月至2002年11月在哈尔滨特隆塑料包装有限公司任会计；2002年12月至2005年8月在哈尔滨特隆塑料包装有限公司任财务主任；2005年9月至2007年5月在岛田春鸟任财务部长；2005年9月至今在大鹏工业（含大鹏有限）任财务部长，财务负责人；2017年8月至今在大鹏工业任董事会秘书。4、董事、原监事、高级管理人员的兼职情况截至本招股说明书签署日，除在公司及合并范围内子公司任职外，公司董事、高级管理人员在其他单位的兼职情况如下：
BSE002,BSE002_920091_哈尔滨岛田大鹏工业股份有限公司_招股说明书.pdf,48,执行事务合伙人,滨理工大学特聘教授无关联关系黑龙江省机械工程学会副理事长、秘书长独立董事担任高级管理人员的企业，认定为关联方栾宝云独立董事上海华税通冉税务师事务所有限公司监事无关联关系刘存独立董事北京华锐光年文化发展有限公司执行总裁无关联关系深圳南山汇融股权投资管理有限公司报告期内曾任投资总监无关联关系北京昆玉资本管理有限公司报告期内曾任副总裁无关联关系王飞山副总经理普拉特执行事务合伙人员工持股平台，高级管理人员担任执行事务合伙人，认定为关联方周芝彬财务负责人、董事会秘书---杨璐原监事会主---
BSE002,BSE002_920091_哈尔滨岛田大鹏工业股份有限公司_招股说明书.pdf,113,备案编号,已搬迁至新厂区。上述瑕疵房产均位于老厂区内，公司老厂区现用于清洗剂生产与机器视觉检测设备研发，可用厂区充裕，即使公司的瑕疵房产被拆除，也可妥善安置工业清洗剂生产车间。因此，该等瑕疵房产不对公司生产经营构成重大不利影响。（2）房屋租赁情况截至本招股说明书签署日，发行人不存在外部租赁，其与子公司之间的房屋租赁情况如下：序号承租方出租方房屋坐落租赁面积租赁期间租赁备案编号1华耐视大鹏工业哈尔滨市利民开发区同盛路10号465㎡办公楼2025.1.1-2025.12.31哈房租登字第2025031000001另外，深圳（哈尔滨）产业园投资开发有限公司出具《无偿注册使用证明》，自愿将其位于哈尔滨市松北区智谷大街288号深圳（哈尔滨）产业园区科创总部2号楼东区1楼262室无偿提供给华耐视用作注册场所使用，使用期限自2025年7月23日至2026年7月22日。（3）主要生产设备公司的主要生产设备为各类型切割设备、机床、起重机、喷砂房、焊机等，报告期末具体如下：
BSE002,BSE002_920091_哈尔滨岛田大鹏工业股份有限公司_招股说明书.pdf,147,执行事务合伙人,人关系密切的家庭成员，包括配偶、父母、配偶的父母、兄弟姐妹及其配偶、年满十八周岁的子女及其配偶、配偶的兄弟姐妹和子女配偶的父母15李永堂实际控制人之兄弟，于博德工业担任总经理16李志平实际控制人兄弟之子，于博德工业担任监事17华耐视公司之控股子公司18哈尔滨普拉特企业管理咨询有限合伙企业公司员工持股平台，公司高级管理人员王飞山持有12.32%出资份额，并担任执行事务合伙人19哈尔滨劳克斯科技有限公司实际控制人李鹏堂控制的其他企业20上海晓百世管理咨询有限公司独立董事栾宝云持股50%并曾担任执行董事的企业21黑龙江省铸造协会独立董事郭洪鑫任理事长22黑龙江省机械工程学会独立董事郭洪鑫任副理事长、秘书长（1）控股股东及实际控制人及其控制的企业1）控股股东及实际控制人截至本招股说明书签署日，博德工业持有公司68.72%股权，为公司控股股东。实际控制人李鹏堂直接持有公司25.42%股份，持有公司控股股东博德工业82.19%股份，合计控制公司94.13%股份。2）实际控制人控制的其他企业除公司及子公司之外，公司实际控制人控制的其他企业包括博德工业、劳克斯。（2）持有公司5%以上股份的股东除博德工业、李鹏堂外，直接或间接持有公司5%以上股份的股东还包括李俊堂。具
BSE002,BSE002_920091_哈尔滨岛田大鹏工业股份有限公司_招股说明书.pdf,148,执行事务合伙人,理人员序号关联方名称关联关系1李鹏堂在公司控股股东任执行董事2李永堂在公司控股股东任总经理3李志平在公司控股股东任监事（5）公司的子公司公司目前有一家控股子公司华耐视，请参见本招股说明书之“第四节发行人基本情况”之“七、（一）控股子公司情况”。（6）其他关联方除上述所列示的关联方外，公司还有以下关联方：序号关联方名称关联关系1普拉特公司员工持股平台，王飞山任执行事务合伙人，并持有12.32%出资份额2黑龙江省铸造协会郭洪鑫任理事长3黑龙江省机械工程学会郭洪鑫任副理事长、秘书长4上海晓百世管理咨询有限公司栾宝云持股50%股权，并曾担任执行董事2、报告期内关联方变化情况序号名称报告期内的关联关系关联方变化情况及原因1黑龙江省机械郭洪鑫任负责人2021年12月不再担任负责人，
GEM001,GEM001_301581_黄山谷捷股份有限公司_招股说明书.pdf,53,执行事务合伙人,"1.7186%合计30,000.0000100.0000%3、黄山佳捷股权管理中心（有限合伙）黄山佳捷持有发行人300.00万股，占发行人本次公开发行前总股本的5.00%，其基本情况如下：企业名称黄山佳捷股权管理中心（有限合伙）统一社会信用代码91341004MA8P2F2B9W成立时间2022年5月20日注册地址及主要经营地安徽省黄山市徽州区文峰西路16号执行事务合伙人张俊武企业类型有限合伙企业出资额2,124.8129万元经营范围一般项目：以自有资金从事投资活动（除许可业务外，可自主依法经营法律法规非禁止或限制的项目）黄山佳捷为黄山谷捷的员工持股平台，截至本招股说明书签署日，合伙人出资情况如下：单位：万元序号姓名合伙人类别在公司任职情况出资金额出资比例1张俊武普通合伙人董事、总经理297.471814.00%2罗仁棠有限合伙人副总经理276.225013.00%3程家斌有限合伙人副总经理、董事会秘书212.482310.00%4谷伟有限合伙人营销部经理169.98398.00%"
GEM001,GEM001_301581_黄山谷捷股份有限公司_招股说明书.pdf,54,有限合伙人,"黄山谷捷股份有限公司招股说明书1-1-53序号姓名合伙人类别在公司任职情况出资金额出资比例5周斌有限合伙人董事、副总经理148.73717.00%6汪琦有限合伙人财务负责人148.73717.00%7肖内有限合伙人研发中心主任148.73717.00%8黄芳芳有限合伙人质量部经理148.73717.00%9刘庆喜有限合伙人生产部经理148.73717.00%10凌志明有限合伙人物料部经理84.99204.00%11吴亚玲有限合伙人行政人事部经理84.99204.00%12吴学智有限合伙人设备部副经理63.74513.00%13王韬有限合伙人研发中心副主任63.74513.00%14程仲伽有限合伙人生产部副经理63.74513.00%15程杰文有限合伙人生产部副经理63.74513.00%合计2,124.8129100.00%（四）控股股东、实际控制人控制的其他企业截至本招股说明书签署日，除控制发行人外，控股股东、实际控制人控制的其他企业基本情况如下：序号名称成立时间注册资本（万元）注册地址主营业务持股情况1黄山荷琇生物科技有限公司2015.08.271,000.00安徽省黄山高新技术产业开发区金鸡路102号化妆品、日用化学产品等黄山供销集团持股100%2黄山乐惟化妆品贸易有限公司2019.03.20100.00安徽省黄"
GEM001,GEM001_301581_黄山谷捷股份有限公司_招股说明书.pdf,57,私募基金,"黄山谷捷股份有限公司招股说明书1-1-56序号名称成立时间注册资本（万元）注册地址主营业务持股情况资产）36黄山新安江资本投资管理有限公司2020.7.161,000.00安徽省黄山市屯溪区天都大道30号君悦华府808室私募基金管理、股权投资等业务黄山市信投投资有限公司持股100%37黄山市征信有限公司2019.2.11,000.00安徽省黄山市屯溪区社屋前路昱东大厦19楼征信服务业务黄山产业投资集团有限公司持股100%38黄山市乡村振兴开发投资有限公司2020.11.101,000.00安徽省黄山市屯溪区昱东街道昱东大厦18楼未实际开展业务黄山市信投资产管理有限公司持股100%39黄山市军粮供应站有限公司1989.8.14500.00安徽省黄山市屯溪区黄山中路33号军粮供应保障，粮油、副食品零售黄山市生态粮油食品集团有限公司持股100%40黄山市粮食储备库有限公司2008.9.28500.00安徽省黄山市屯溪区黄山中路33号军粮供应站内政策性粮油（市级储备原粮、成品粮油）承储、省市两级生活类应急救灾物资保管黄山市生态粮油食品集团有限公司持股100%41黄山徽加电子商务有限公司2018.3.20200.00黄山市屯溪区社屋前路昱东大厦18楼电子商务销售业务黄山市信投投资有限公司持股100%42安徽省生态产品交易所有限责任公司2011.11.2210,000.00黄山市屯溪区社屋前路昱东大厦写字楼18层农村产权等生产权益交易所业务黄山产业投资"
GEM001,GEM001_301581_黄山谷捷股份有限公司_招股说明书.pdf,59,前十名股东,"1375%7社会公众股--2,000.0025.0000%合计6,000.00100.0000%8,000.00100.0000%注：CS指ControllingState-ownedShareholder，国有实际控制股东，根据《深圳市国资委关于黄山谷捷股份有限公司国有股权管理有关问题的批复》（深国资委函[2023]182号）认定，下同。（二）本次发行前的前十名股东情况本次发行前，发行人前十名股东的持股情况如下：序号股东姓名/名称持股数量（万股）持股比例1黄山供销集团3,112.2051.8700%2赛格高技术（CS）1,539.0025.6500%3张俊武438.907.3150%4周斌438.907.3150%5黄山佳捷300.005.0000%6上汽科技（CS）171.002.8500%合计6,000.00100.0000%（三）本次发行前的前十名自然人股东及其在公司任职情况本次发行前，发行人的前十名自然人股东及其在发行人处任职的情况如下：序号股东姓名直接持股数量（万股）持股比例在公司任职情况1张俊武438.907.3150%董事、总经理2周斌438.907.3150%董事、副总经理合计877.8014.6300%-（四）发行人股本中国有股份或外资股份情况1、国有股份情况发行人股东中，赛格高技术为国有股东，持有发行人1,539万股，占发行人发行前总股本的25.65%；上汽科技为国有股东且为境外主体，持有发行人171万股，占发行人发行前总股本的2.85%。2023年3月30日，深圳市人民政府国有资产监督管理委员会出具《深圳市"
GEM001,GEM001_301581_黄山谷捷股份有限公司_招股说明书.pdf,60,执行事务合伙人,%以上股份或表决权的主要股东的基本情况”之“3、黄山佳捷股权管理中心（有限合伙）”。3、新增股东与发行人其他股东、董事、监事、高级管理人员是否存在关联关系，新增股东与本次发行的中介机构及其负责人、高级管理人员、经办人员是否存在关联关系，新增股东是否存在股份代持情形黄山佳捷为员工持股平台，发行人董事、总经理、股东张俊武持有黄山佳捷14%的合伙份额并担任黄山佳捷执行事务合伙人，董事、副总经理、股东周斌持有黄山佳捷7%的合伙份额，职工代表监事谷伟持有黄山佳捷8%的合伙份额，副总经理罗仁棠持有黄山佳捷13%的合伙份额，副总经理兼董事会秘书程家斌持
GEM001,GEM001_301581_黄山谷捷股份有限公司_招股说明书.pdf,61,私募投资基金,定的承诺”。（六）本次发行前各股东之间的关联关系及关联股东的各自持股比例本次发行前，公司股东张俊武为黄山佳捷的普通合伙人，持有黄山佳捷14%的份额；公司股东周斌为黄山佳捷的有限合伙人，持有黄山佳捷7%的份额。除上述情况外，截至本招股说明书签署日，发行人各股东之间不存在关联关系。（七）发行人股东公开发售股份情况本次发行不存在发行人股东公开发售股份的情况。（八）私募投资基金股东备案登记情况截至本招股说明书签署日，公司共有股东6名，其中自然人股东2名，机构股东4名。上述机构股东不存在以非公开方式向投资者募集资金设立的情形，亦不存在委托其他管理机构管理资产的情形或行为，不属于私募投资基金或私募投资基金管理人，不需履行私募投资基金管理人登记或私募投资基金备案程序。（九）契约型基金、资产管理计划或信托计划持股情况截至本招股说明书签署日，公司股东不存在契约型基金、资产管理计划或信托计划等情形。
GEM001,GEM001_301581_黄山谷捷股份有限公司_招股说明书.pdf,71,执行事务合伙人,黄山谷捷股份有限公司招股说明书1-1-70姓名本公司职务兼职单位在兼职单位职务兼职单位与发行人的关联关系安徽省屯溪高压阀门股份有限公司监事会主席控股股东施加影响的企业张俊武董事、总经理黄山佳捷执行事务合伙人持股5%以上的股东车委董事赛格高技术董事持股5%以上的股东侯艳董事黄山供销集团总经理助理控股股东黄山合茂兴置业有限公司董事控股股东控制的企业黄山四月乡村建设有限公司监事控股股东控制的企业黄山贝诺科技有限公司监事控股股东施加重大影响的企业黄山市田园徽州精致农业科技发展有限公司监事控股股东施加重大影响企业黄山市供信商业运营管理有限公司董事长控股股东控制的企业滁州市亭好农产品供销投资发展有限公司副董事长控股股东施加重大影响企业徐冬梅独立董事中国半导体行业协会封测分会秘书长无关联关系苏州珂玛材料科技股份有限公司独立董事无关联关系合肥微睿科技股份有限公司独立董事无关联关系苏州智程半导体科技股份有限公司独立董事无关联关系苏州芯心思源信息科技有限公司执行董事独立董事徐冬梅控制的企业上海懿雨芯心信息科技有限公司执行董事独立董事徐冬梅控制的企业仙交微电校友（苏州）信息有限公司监事无关联关系中国半导体行业协会副秘书长无关联关系郭少明独立董事深圳市福田资本运营集团有限公司董事无关联关系深圳市福田引导基金投资有限公司董事无关联关系深圳市福田产业投资服务有限公司董事无关联关系深圳市兰亭科技股份有限公司独立董事无关联关系深圳市东方嘉盛供应
GEM001,GEM001_301581_黄山谷捷股份有限公司_招股说明书.pdf,311,新增股东,。在本承诺人持股期间，若股份锁定和减持的法律、法规、规范性文件、政策及证券监管机构的要求发生变化，则本承诺人愿意自动适用变更后的法律、法规、规章、规范性文件、政策及证券监管机构的要求。如本承诺人违反上述承诺，本承诺人因违反上述承诺而产生的任何收益归发行人所有，并赔偿因未履行上述承诺而给发行人或投资者带来的损失。持股5%以上的股东黄山佳捷作为发行人申报前一年内新增股东，承诺：（1）自发行人股票上市之日起12个月内或自本合伙企业取得发行人股份之日起36个月内（以孰晚为准），不转让或者委托他人管理本承诺人于本次公开发行前已持有的发行人股份，也不由发行人回购该部分股份。（2）法律、行政法规、中国证监会行政规章、证券交易所业务规则及其他规范性文件对本承诺人转让发行人股份存在其他限制的，本承诺人承诺一并遵守。
GEM002,GEM002_301563_云汉芯城（上海）互联网科技股份有限公司_招股说明书.pdf,58,执行事务合伙人,"份时，其存续期限已临近届满，基金所投资的项目退出压力较大，急于寻找退出的渠道，因此丰利财富同意按其出资时的价格1000万元将持有发行人的股份转让给天健创投。新增股东天健创投主营业务为创业投资，与公司主营业务不存在相似或相同的情况，非三类股东。东方富海（芜湖）股权投资基金管理企业（有限合伙）和厦门蜜呆资产管理合伙企业（有限合伙）为其普通合伙人，其中蜜呆资管为其执行事务合伙人，实际控制人为徐珊。本次股权转让后，公司股权结构如下：序号股东姓名/名称持股数量（股）持股比例（%）1曾烨17,792,00044.48"
GEM002,GEM002_301563_云汉芯城（上海）互联网科技股份有限公司_招股说明书.pdf,80,执行事务合伙人,"持有公司33.03%的股份，通过为赛咨询间接控制公司2.16%的股份，合计控制公司35.19%的股份，所持发行人股份不存在质押或其他有争议的情况。曾烨担任发行人董事长兼法定代表人，直接持有发行人1,613.23万股股份，占发行人股份总数的33.03%，此外，发行人股东为赛咨询直接持有发行人105.34万股股份，占发行人股份总数的2.16%。曾烨作为为赛咨询的执行事务合伙人，通过为赛咨询间接控制发行人2.16%的股份。曾烨合计控制发行人35.19%的股份。曾烨为发行人创始人，在2014年6月公司股权结构调整后直接持有发行人65.75%的股权，并间接控制为赛咨询持有的发行人6.85%股权。后由于发行人不断对外融资，曾烨控制的发行人股份比例逐渐下降，但始终为发行人第一大股东，并且控制发行人的股份比例一直超过30%。截至目前，发行人股权较为分散，曾烨仍合计控制发行人35.19%的股份，为单一第一大股东，且控制发行人股份比例远高于第二大股东。此外，曾烨担任发行人的董事长兼法定代表人，全面负责发行人的经营管理，对发行人股东（大）会、董事会的重大决策事项均具有重要影响力。因此，曾烨为发行人的实际控制人。曾烨先生的简历详见本节“九、发行人董事、监事、高级管理人员与核心技术人员”之“（一）公司董事、监事、高级管理人员与核心技术人员情况”之“1、董事会成员简介”。公司控股股东、实际控制人曾烨先生直接或间接持有的发行人股份不存在被质押情况，亦不存在其他有争议的情况。报告期内，曾烨先生不存在贪污、贿赂、侵占财产、挪用财产或者破坏社会主义市场经济秩序的刑事犯罪，不存在欺诈发行、重大信息披露违法或者其他涉"
GEM002,GEM002_301563_云汉芯城（上海）互联网科技股份有限公司_招股说明书.pdf,85,有限合伙人,"市企业进行股权投资；受托资产管理（不得从事信托、金融资产管理、证券资产管理等业务）；股权投资；投资咨询。（以上经营范围法律、行政法规、国务院规定禁止的项目除外，限制的项目须取得许可后方可经营）。财务数据项目2024年/2024年12月31日总资产（万元）14,913.66净资产（万元）14,913.66营业收入（万元）-净利润（万元）-102.15富海节能的有限合伙人招商财富-东方富海节能环保基金专项资产管理计划（以下简称“招商资管计划”）为资产管理计划，基本情况如下：资产管理计划名称招商财富-东方富海节能环保基金专项资产管理计划产品编码SCA855成立时间2017年12月20日"
GEM002,GEM002_301563_云汉芯城（上海）互联网科技股份有限公司_招股说明书.pdf,88,私募基金,"季世创业投资中心（有限合伙）500.003.68宁波坤富同德股权投资合伙企业（有限合伙）500.003.68上海高讯投资有限公司500.003.68新余博思达资产管理中心（有限合伙）500.003.68林展荣490.003.60合计13,600.00100.00主营业务创业投资（限投资未上市企业）。（除依法须经批准的项目外，凭营业执照依法自主开展经营活动）以私募基金从事股权投资、投资管理、资产管理等活动（须在中国证券投资基金业协会完成登记备案后方可从事经营活动）。（依法须经批准的项目，经相关部门批准后方可开展经营活动，具体经营项目以相关部门批准文件或许可证件为准）财务数据项目2024年/2024年12月31日总资产（万元）53,060.39净资产（万元）53,060.39营业收入（万元）-净利润（万元）5,312.05"
GEM002,GEM002_301563_云汉芯城（上海）互联网科技股份有限公司_招股说明书.pdf,93,前十名股东,"芯城（上海）互联网科技股份有限公司招股说明书92序号股东姓名/名称发行前发行后持股数（股）持股比例（%）持股数（股）持股比例（%）33夏东70,0400.1470,0400.1134崔振南38,7600.0838,7600.0635本次发行股本16,279,02525.00合计48,837,074100.0065,116,099100.00（二）发行前本公司前十名股东序号股东姓名/名称持股数量（股）持股比例（%）1曾烨16,132,25533.032刘云锋6,454,82013.223力源信息5,004,00010.254芜湖富海2,835,3205.815国科瑞华2,544,7875.216东方富海2,502,0005.127火炬电子1,130,4882.318为赛咨询1,053,3602.169南山富海1,030,0002.1110厦门西堤968,9901.98合计39,656,02081.20（三）本次发行前的前十名自然人股东及其在发行人处担任职务序号股东姓名持股数量（股）持股比例（%）在公司任职情况1曾烨16,132,25533.03担任公司董事长2刘云锋6,454,82013.22担任公司总裁、董事3周雪峰600,0001.23担任公司首席财务官、董事会秘书4李文发550,0001.13担任公司董事、首席运营官5郦韩英484,4950.99未在公司任职6秦国君450,0000.92未在公司任职127李剑峰200,0000.41担任公司销售副总裁8余满芬85,0000.17未在公司任职12曾任公司董事、首席数据官，现已离职。"
GEM002,GEM002_301563_云汉芯城（上海）互联网科技股份有限公司_招股说明书.pdf,94,普通合伙人,REVFUND注册于开曼群岛，2018年7月5日公司取得了上海市松江区经济委员会出具的沪松外资备201800771号《外商投资企业设立备案回执》。（五）最近一年内新增股东的情况截至本招股说明书签署日，发行人不存在最近一年新增股东的情况。（六）本次发行前各股东间的关联关系及关联股东的各自持股比例股东姓名/名称持股比例（%）关联关系曾烨33.03曾烨为为赛咨询的普通合伙人及执行事务
GEM002,GEM002_301563_云汉芯城（上海）互联网科技股份有限公司_招股说明书.pdf,95,私募基金,"、CASREVFUND的普通合伙人CASREVCapitalCo.,Ltd.为中国科技产业投资管理有限公司的全资子公司；3、中科贵银的普通合伙人为中国科技产业投资管理有限公司，其持有中科贵银10%的财产份额。CASREVFUND1.27中科贵银1.11深创投1.91深创投分别持有镇江红土和昆山红土27.2727%和23.4375%的股权。昆山红土、镇江红土的私募基金管理人分别是昆山红土创业投资管理有限公司、江苏红土创业投资管理有限公司，深创投间接持有昆山红土创业投资管理有限公司、江苏红土创业投资管理有限公司100%的股权。镇江红土0.68昆山红土0.68火炬电子2.31福建开京的唯一股东蔡纯纯为火炬电子实际控制人蔡明通之女。福建开京0.24鸿迪投资1.74鸿迪投资的控股股东周章灿为郦韩英的丈夫，鸿迪投资的股东周榆昂、周依蓉系两人子女。郦韩英0.99注：根据天健创投的合伙协议及股东调查表，天健创投的执行事务合伙人为厦门蜜呆资产管理合伙企业（有限合伙）。深圳市东方富海投资管理股份有限公司控制的东方富海（芜湖）股权投资基金管理企业（有限合伙）为天健创投的普通合伙人，但并非执行事务合伙人，持有天健创投0.5%的财产份额；深圳市东方富海投资管理股份有限公司为天健创投的有限合伙人，持有天健创投9.5%的财产份额。天健创投不受深圳市东方富海投资管理股份有限公司的控制。除上述投资关系外，天健创投与芜湖富海、东方富海、南山富海、富海节能、中小企业基金、富海深湾不存在其他关联关系。除此之外，公司其他股东之间不存在关联关系。（七）特殊类型股东的有关情况截至本招股说明书签署日，发行人共有34名股东，其"
GEM002,GEM002_301563_云汉芯城（上海）互联网科技股份有限公司_招股说明书.pdf,96,私募投资基金,云汉芯城（上海）互联网科技股份有限公司招股说明书95序号股东名称私募基金股东/私募基金管理人是否为三类股东具体情况1力源信息否否系依法设立并有效存续的股份有限公司（股票代码：300184），不属于《私募投资基金监督管理暂行办法》规定的私募投资基金，亦无需按照《私募投资基金登记备案办法》的规定办理备案登记。2芜湖富海是否系私募基金，已按照《私募投资基金登记备案办法》办理了私募基金备案手续（基金编号：SD1578）；其执行事务合伙人芜湖兴安创业投资基金管理有限公司已按照《私募投资基金登记备案办法》办理了私募基金管理人登记手续（登记编号：P1000762）。3国科瑞华是否系私募基金，已按照《私募投资基金登记备案办法》办理了私募基金备案手续（基金编号：SE1802）；其执行事务合伙人中国科技产业投资管理有限公司已按照《私募投资基金登记备案办法》办理了私募基金管理人登记手续（登记编号：P1000510）。4东方富海是否系私募基金，已按照《私募投资基金登记备案办法》办理了私募基金备案手续（基金编号：SD4217）；其执行事务合伙人东方富海（上海）投资管理合伙企业（有限合伙）已按照《私募投资基金登记备案办法》办理了私募基金管理人登记手续（登记编号：P1001155）。5火炬电子否否系依法设立并有效存续的股份有限公司（股票代码603678），不属于《私募投资基金监督管理暂行办法》规定的私募投资基金，亦无需按照《私募投资基金登记备案办法
GEM002,GEM002_301563_云汉芯城（上海）互联网科技股份有限公司_招股说明书.pdf,97,私募投资基金,云汉芯城（上海）互联网科技股份有限公司招股说明书96序号股东名称私募基金股东/私募基金管理人是否为三类股东具体情况伙企业（有限合伙）已按照《私募投资基金登记备案办法》办理了私募基金管理人登记手续（登记编号：P1060176）。12CASREVFUND否否系依据开曼群岛法律设立的有限合伙企业，注册号为MC-81821，注册地址为POBox309，UglandHouse，GrandCayman，KY1-1104，CaymanIslands，不属于《私募投资基金监督管理暂行办法》规定的私募投资基金，亦无需按照《私募投资基金登记备案办法》的规定办理备案登记。13中科贵银是否系私募基金，已按照《私募投资基金登记备案办法》办理了私募基金备案手续（基金编号：SD4760）；其执行事务合伙人中国科技产业投资管理有限公司已按照《私募投资基金登记备案办法》办理了私募基金管理人登记手续（登记编号：P1000510）。14富海节能是否系私募基金，已按照《私募投资基金登记备案办法》办理了私募基金备案手续（基金编号：SCZ580）；其执行事务合伙人深圳市富海鑫湾股权投资基金管理企业（有限合伙）已按照《私募投资基金登记备案办法》办理了私募基金管理人登记手续（登记编号：P1020562）。15中小企业基金是否系私募基金，已按照《私募投资基金登记备案办法》办理了私募基金备案手续（基金编号：SR5
GEM002,GEM002_301563_云汉芯城（上海）互联网科技股份有限公司_招股说明书.pdf,98,私募投资基金,云汉芯城（上海）互联网科技股份有限公司招股说明书97序号股东名称私募基金股东/私募基金管理人是否为三类股东具体情况P1022337）。21临港投资是否系私募基金，已按照《私募投资基金登记备案办法》办理了私募基金备案手续（基金编号：SW1152）；其执行事务合伙人上海临港松江创业投资管理有限公司已按照《私募投资基金登记备案办法》办理了私募基金管理人登记手续（登记编号：P1063171）。22福建开京否否系依法设立并有效存续的有限责任公司，不属于《私募投资基金监督管理暂行办法》规定的私募投资基金，亦无需按照《私募投资基金登记备案办法》的规定办理备案登记。（八）股东穿透的有关情况截至本招股说明书签署之日，公司共有34名股东，其中自然人股东12名，机构股东22名。公司股东穿透计算情况如下：序号股东名称穿透核查情况穿透的股东人数1曾烨等12名自然人股东自然人股东，不穿透122力源信息上市公司，不穿透13芜湖富海已备案私募投资基金，不进行穿透计算14国科瑞华已备案私募投资基金，不进行穿透计算15东方富海已备案私募投资基金，不进行穿透计算16火炬电子上市公司，不穿透17为赛咨询发行人员工持股平台，公司员工按一名股东计算，外部人员按实际人数计算38南山富海已备案私募投资基金，不进行穿透计算19厦门西堤已备案私募投资基金，不进行穿透计算110深创投已备案私募投资基金，不进行穿透计算111鸿迪投资主要业务为投资
GEM002,GEM002_301563_云汉芯城（上海）互联网科技股份有限公司_招股说明书.pdf,99,私募投资基金,云汉芯城（上海）互联网科技股份有限公司招股说明书98序号股东名称穿透核查情况穿透的股东人数16中小企业基金已备案私募投资基金，不进行穿透计算117珠海拓域已备案私募投资基金，不进行穿透计算118镇江红土已备案私募投资基金，不进行穿透计算119昆山红土已备案私募投资基金，不进行穿透计算120富海深湾已备案私募投资基金，不进行穿透计算121湘裕君源已备案私募投资基金，不进行穿透计算122临港投资已备案私募投资基金，不进行穿透计算123福建开京主要业务为房地产开发及投资，并非以持有发行人股份为目的而设立的持股主体，在计算发行人股东人数时按1名股东计算。1合计股东人数36如上表所示，截至本招股说明书签署之日，公司股东穿透后总人数为36人，不存在股东人数超过200人的情形。九、发行人董事、监事、高级管理人员与核心技术人员（一）公司董事、监事、高级管理人员与核心技术人员情况1、董事会成员简介截至本招股说明书签署之日，公司董事会由9名董事组成，其中包括3名独立董事，具体人员如下：序号姓名职位任期131曾烨董事长2022.3.14-2025.3.132刘云锋董事、总裁2022.3.14-2025.3.133李文发董事、首席运营官2023.6.30-2025.3.134周绍军董事2022.3.14-2025.3.135王大鹏董事2022.3.14-20
GEM002,GEM002_301563_云汉芯城（上海）互联网科技股份有限公司_招股说明书.pdf,115,执行事务合伙人,三种情形。③资金来源为赛咨询的合伙人均已实缴出资或足额支付受让价款，出资方式为现金，资金来源为自有资金。不存在发行人及控股股东、实际控制人或第三方为激励对象参加持股提供奖励、资助、补贴等安排。为赛咨询合伙人持有的财产份额为其真实持有，不存在代持的情形。（3）员工持股平台决策机制为赛咨询的重大事项由合伙人会议决议。除需要合伙人会议决议的事项外，由普通合伙人担任执行事务合伙人，对外代表合伙企业执行合伙企业事务，负责合伙企业日常管理。其他合伙人不执行合伙企业事务。须由合伙人会议决议的事项包括：1、在一定情况下，其他合伙人一致同意可以对执行事务合伙人除名。该等情形包括执行事务合伙人未缴纳出资、因故意或重大过失给合伙企业造成特别重大损失等。2、新合伙人入股，应当由全体合伙人一致同意。3、普通合伙人转变为有限合伙人或有限合伙人转变为普通合伙人，须经全体合伙人一致同意。4、合伙企业的以下事项须由全体合伙人同意，包括改变合伙企业名称；改变合伙企业的经营范围、主要经营场所的地点；处分合伙企业的不动产；转让或者处分合伙企业的知识产权和其他财产权利；以
GEM002,GEM002_301563_云汉芯城（上海）互联网科技股份有限公司_招股说明书.pdf,120,私募投资基金,和任期届满后六个月内，每年转让的股份数不超过其所持有的发行人股份总数的25%；离职后半年内，不转让持有的发行人股份。其所持发行人股份锁定期满之日起两年内，如进行减持，减持价格不低于发行人首次公开发行股票价格。4、规范运行为赛咨询系发行人员工持股平台，自成立起始终规范运行。截至本招股说明书签署之日，为赛咨询在设立过程中不存在《中华人民共和国证券投资基金法》及《私募投资基金监督管理暂行办法》所规定之非公开募集资金的情形，不属于《中华人民共和国证券投资基金法》《私募投资基金监督管理暂行办法》以及《私募投资基金登记备案办法》所规范的私募投资基金，无需按前述相关规定办理私募投资基金备案登记手续。（三）股权激励价格的公允性分析及相关会计处理股权激励价格的公允性分析及相关会计处理参见本招股说明书“第六节财务会计信息与管理层分析”之“十、经营成果分析”之“（五）期间费用分析”之“2、管理费用”之“（5）股份支付”。（四）股权激励对公司的影响1、对公司经营状况的影响公司通过实施股权激励方案，建立了优秀的价值分配体系，完善了激励机制，极大地调动了管理团队的积极性，增强了团队的凝聚力，为公司的持续健康平稳发展提供了动力。2、对公司财务状况的影响为公允地反映股权激励对公司财务状况的影响，公司依照会计准则确认了报告期内的股份支付费用。报告期各期，公司确认的股份支付费用分别为148.77万元、0万元和0万元，股份支付对费用的整体影响较小。3、对公司控制权变化的影响股权激励实施前后，公司的控制权未发生变化。
GEM002,GEM002_301563_云汉芯城（上海）互联网科技股份有限公司_招股说明书.pdf,313,普通合伙人,付单价为24.13元/股（即29.13元-5元）。③会计处理对于2019年员工股权激励，公司将授予股权激励对象的合伙企业份额对应的股份支付在估计的等待期内进行分期摊销，具体摊销方式为：2019年员工股权激励的回购条款中约定：“激励对象不在公司任职（无论任何原因）且自本次股份授予日至离职时在公司任职未满三年的，已行权的为赛投资财产份额，激励对象应在离职当日申请普通合伙人回购，回购价格根据原行权价格加上期银行贷款利率确定。”因此由于上述条款实质上对激励对象有明确的三年服务期的限制，因此发行人将2019年员工股权激励产生的股份支付总额在三年等待期内摊销。在等待期内每个资产负债表日，管理层以对可行权权益工具数量的最佳估计为基础，按权益工具授予日的公允价值，将当期取得的服务计入对应费用和资本公积，在等待期内摊销的股份支付费用计入经常性损益。③股份支付的影响报告期内，上述股份支付对费用的影响如下：单位：万元项目2024年度2023年度2022年度列支销售费用--58.84列支管理费用--19.18列支研发费用--70.75
GEM002,GEM002_301563_云汉芯城（上海）互联网科技股份有限公司_招股说明书.pdf,377,执行事务合伙人,人序号关联方关联关系1曾烨发行人控股股东与实际控制人（二）其他持有公司5%以上股份的股东截至2025年3月25日，除控股股东和实际控制人外，持有公司5%以上股份的股东情况如下：序号关联方关联关系1刘云锋持有发行人13.22%的股份2武汉力源信息技术股份有限公司持有发行人10.25%的股权3北京国科瑞华战略性新兴产业投资基金（有限合伙）1、国科瑞华与中科贵银的执行事务合伙人均为中国科技产业投资管理有限公司且其持有中科26截至2025年3月25日。
GEM002,GEM002_301563_云汉芯城（上海）互联网科技股份有限公司_招股说明书.pdf,378,执行事务合伙人,"VCapitalCo.,Ltd.为中国科技产业投资管理有限公司的全资子公司。因此三者构成关联方。国科瑞华持有发行人5.21%的股份，并且其关联方CASREVFUND、中科贵银分别持有发行人1.27%、1.11%的股份，以上三名股东合计持有发行人7.59%的股份5中科贵银（贵州）产业投资基金（有限合伙）6芜湖富海浩研创业投资基金（有限合伙）芜湖富海和东方富海的执行事务合伙人均由深圳市东方富海投资管理股份有限公司实际控制；芜湖富海持有发行人5.81%的股权，东方富海持有发行人5.12%的股权，其它关联方南山富海、富海节能、中小企业基金、富海深湾分别持有发行人2.11%、1.05%、0.79%和0.68%的股权，合计持有15.57%的股份7东方富海（上海）创业投资企业（有限合伙）8深圳南山东方富海中小微创业投资基金合伙企业（有限合伙）9深圳东方富海节能环保创业投资基金合伙企业（有限合伙）10中小企业发展基金（深圳南山有限合伙）11富海深湾（深圳）移动创新私募创业投资基金合伙企业（有限合伙）（三）公司控股企业序号关联方关联关系1深圳汉云发行人全资子公司2上海芯云发行人全资子公司3云汉天启发行人全资子公司4南昌云汉发行人全资子公司5宁波芯云发行人全资子公司6云汉电子发行人全资子公司7启想智能发行人全资子公司8深圳芯云发行人全资子公司9云汉软件发行人全资子公司10固越电子发行人全资子公司11广州芯云发行人全资子公司12云汉香港发行人全资子公司13卓越香港发行人全资子公司14云汉美国发行人全资子公司15云汉英国发行人全资子公司16云汉新加坡发行人全资子公司"
GEM002,GEM002_301563_云汉芯城（上海）互联网科技股份有限公司_招股说明书.pdf,381,执行事务合伙人,"任董事的企业16上海倍谙基生物科技有限公司夏东（发行人董事）之弟妻王娜祎担任董事的企业17AurekaBiotechnologies,Inc.夏东（发行人董事）之弟妻王娜祎担任董事的企业18瑞龙诺赋（上海）医疗科技有限公司夏东（发行人董事）之弟妻王娜祎担任董事的企业19杭州乐活体育发展合伙企业（有限合伙）夏东（发行人董事）持有0.01%合伙企业财产份额并担任执行事务合伙人的企业20杭州通心协力健康科技合伙企业（有限合伙）夏东（发行人董事）持有28%合伙企业财产份额并担任执行事务合伙人的企业21深圳市集燧科技有限公司邓天远（发行人独立董事）持股98%并担任经理兼任董事的企业。22北京亿奇娱乐影视文化有限公司邓天远（发行人独立董事）担任董事的企业。23杭州夏天岛影视动漫制作有限公司邓天远（发行人独立董事）担任董事的企业。24深圳国金投资顾问有限公司邓天远（发行人独立董事）担任副总裁的企业。25福州大秉果子投资咨询有限公司林秉风（发行人独立董事）持股80%并担任执行董事兼总经理，林秉风（发行人独立董事）之妻林贞持股20%的企业。26福州一世世投资有限公司福州大秉果子投资咨询有限公司持股100%，林秉风（发行人独立董事）担任执行董事兼总经理、财务负责人的企业。27福州九牧承风咨询有限公司福州大秉果子投资咨询有限公司持股100%，林秉风（发行人独立董事）担任执行董事兼经理、财务负责人的企业。28福清市上迳县圃福乐淡水养殖场林秉风（发行人独立董事）之父林民乐担任负责人的企业，1998年2月被吊销营业执照。29江苏一块去网络股份有限公司王大鹏（发行人董事）担任董事的企业。30安徽亚格盛电子新"
GEM002,GEM002_301563_云汉芯城（上海）互联网科技股份有限公司_招股说明书.pdf,382,执行事务合伙人,业。46深圳市畅想通讯技术有限公司周绍军（发行人董事）担任董事的企业，2007年被吊销营业执照。47深圳市智慧海洋科技有限公司周绍军（发行人董事）担任董事的企业。48上海联育企业管理咨询有限公司王欣（发行人独立董事）之姐夫李怀宇持股55%并担任执行董事的企业。49上海联育创业孵化器合伙企业（有限合伙）上海联育企业管理咨询有限公司持有1%合伙企业财产份额并担任执行事务合伙人的企业。50上海凡晟企业管理咨询有限公司王欣（发行人独立董事）之姐夫李怀宇持股80%并担任执行董事的企业。51中兴九城网络科技无锡有限公司王欣（发行人独立董事）之姐夫李怀宇担任董事的企业。52上海联育集创创业孵化器管理有限公司王欣（发行人独立董事）之姐夫李怀宇担任董事长、财务负责人的企业。53上海依岚智感信息技术有限公司王欣（发行人独立董事）之姐夫李怀宇担任董事长的企业54郑州华蛛文化传媒有限公司李鲲鹏（发行人原监事）之妹李晓玉持股100%并担任执行董事兼总经理的企业。55上海育帆体育文化发展有限公司万丽（发行人原监事）之夫吴亚平持股90%并担任执行董事的企业。56上海亚博体育科技有限公司万丽（发行人原监事）之父万仁国持股100%并担任总经理、董事、财务负责人的企业
GEM002,GEM002_301563_云汉芯城（上海）互联网科技股份有限公司_招股说明书.pdf,383,执行事务合伙人,形式的原则认定的其他关联方主要包括：序号企业名称关联关系1广水市灯塔药材种植专业合作社曾烨之父曾德安持有76.92%权益并担任总经理的组织，2022年5月注销。2上海祁凝贸易有限公司曾烨（发行人董事长）之妻吕宁宁担任董事的企业，2023年1月离职。3新泰捷恒裕股权投资基金合伙企业（有限合伙）夏东（发行人董事）之妻父袁信成持有69.23%合伙企业财产份额并担任执行事务合伙人的企业，2024年11月不再担任执行事务合伙人。4宁波梅山保税港区捷恒企业管理合伙企业（有限合伙）新泰捷恒裕股权投资基金合伙企业（有限合伙）持有1.82%合伙企业财产份额并担任执行事务合伙人的企业。5新泰市晶泰星石墨烯应用研究院有限公司夏东（发行人董事）之妻父袁信成担任董事长的企业，2022年8月注销。6福建中锐网络股份有限公司林秉风（发行人独立董事）担任董事的企业，2024年8月离职7福建诺汉科技有限公司林秉风（发行人独立董事）之妻姐林莺持股51%的企业，2022年6月已将股权转让给第三方。8上海谢卓企业管理服务中心林秉风（发行人独立董事）之母林直云的个人独资企业，2022年3月注销。9光泽县承风投资咨询合伙企业（有限合伙）林秉风（发行人独立董事）持有50%合伙企业财产份额并担任执行事务合伙人的企业，2022年7月将财产份额转让给第三方并不再担任执行事务合伙人。10昆山博天尼生物科技有限公司王大鹏（发行人董事）担任董事的企业，2022年8月离职。11小西控股（南京）集团有限责任公司王大鹏（发行人董事）担任董事的企业，2024年11月离职12南通红土创新资本创业投资管理有限公司王大鹏（发行人董事）担任董事的企业
GEM002,GEM002_301563_云汉芯城（上海）互联网科技股份有限公司_招股说明书.pdf,384,执行事务合伙人,）互联网科技股份有限公司招股说明书383序号企业名称关联关系第三方并离职。19上海和厚文化咨询有限公司上海泰睿文化咨询有限公司持股100%的企业。20海南兰点投资有限公司王欣（发行人独立董事）之姐夫李怀宇担任执行董事兼总经理的企业，2023年6月离职。21苏州工业园区华人文化产业投资管理中心（有限合伙）上海泰睿文化咨询有限公司持有10%合伙企业财产份额并担任执行事务合伙人的企业，2023年10月注销。22上海源风投资管理中心（有限合伙）上海泰睿文化咨询有限公司持有1%合伙企业财产份额并担任执行事务合伙人的企业。23上海华人创意文化传媒有限公司上海泰睿文化咨询有限公司持股99%的企业，2023年8月注销。24爱麦克斯菲尔姆（上海）投资管理有限公司上海华人创意文化传媒有限公司持股50%的企业，2023年2月注销。25云粟（上海）投资中心（有限合伙）上海泰睿文化咨询有限公司持有10%合伙企业财产份额并担任执行事务合伙人的企业，2022年1月注销。26上海厚意股权投资基金合伙企业（有限合伙）上海华人创意文化传媒有限公司持有0.01%合伙企业财产份额并担任执行事务合伙人的企业，2022年3月注销。27上海厚意萨玻文化创意合伙企业（有限合伙）上海华人创意文化传媒有限公司持有0.01%合伙企业财产份额并担任执行事务合伙人的企业，2022年2月注销。28上海华挚腾由管理咨询有限公司王欣（发行人独立董事）之姐夫李怀宇担任董事长兼总经理的企业，2023年3月离职。29上海行昆企业管理中心周雪峰（发行人高级管理人员）之父周保元的个人独资企业，2022年9月注销。30北京盈创时讯科技有限公司任凤娇（发
MB001,MB001_603072_包头天和磁材科技股份有限公司_招股说明书.pdf,53,新增股东,/名称入股背景、原因入股时间入股形式入股价格（元/注册资本）定价依据及合理性价款支付情况资金来源及合法性履行的法律程序5袁易扩大公司生产经营规模2011.9增资1实控人增资已支付自筹资金，合法股东会决议、验资、工商变更登记6袁文杰扩大公司生产经营规模2012.12增资1实控人增资已支付自有资金，合法股东会决议、验资、工商变更登记7天津天和、袁文杰及公司21名新增股东看好公司发展前景，扩大公司生产经营规模2014.9增资1以公司上一年末每股净资产账面值0.97元为基础，并经协商确定已支付自有资金、自筹资金，合法股东会决议、验资复核、债转股追溯评估、工商变更登记8寰盈投资部分员工股东调整持股方式，由直接持股变更为通过员工持股平台寰盈投资间接持股2016.3受让股权1以2014年9月直接入股公司的价格，并经协商确定股东调整持股方式，不涉及价款支付-股东会决议、工商变更登记9朗润园、元龙智能外部投资人看好公司未来发展前景2016.5增资1.99以公司上一年末每股净资产账面值1.15元为基础，结合公司经营情况并经协商确定已支付自有资金，合法股东会决议、验资复核、工商变更登记10陈雅、陈斌股东调整持股方式，由通过朗润园间接持有公司股权变更为直接持有公司股权2018.11受让股权2.01以朗润园入股公司的价格为基础，并经协商确定股东调整持股方式，不涉及价款支付-股东会决议、工商变更登记11寰盈投资、科曼咨询、星火咨询、袁易、袁擘、范跃林、翟勇、沈强寰盈投资、科曼咨询为员工持股平台对公司增资，自然人为公司核心人员增资，星火咨询为外部投资人看好公司未来发展前景2019.3增资2.57参考上一年末
MB001,MB001_603072_包头天和磁材科技股份有限公司_招股说明书.pdf,55,私募基金,包头天和磁材科技股份有限公司招股说明书1-1-54存续的有限责任公司或有限合伙企业，不存在根据法律、法规或者其章程/合伙协议需要终止或解散的情形。同时，发行人私募基金股东中车泛海、同历宏阳已办理私募基金备案，其基金管理人亦办理了登记手续。截至本招股说明书签署日，发行人现有股东均为适格股东。截至本招股说明书签署日，发行人现有股东均为适格股东。2、发行人现有股东与发行人其他股东、董事、监事、高级管理人员、本次发行中介机构及其负责人、签字人员之间是否存在亲属关系、关联关系、委托持股等特殊协议或安排，是否存在纠纷或潜在争议截至本招股说明书签署日，发行人现有股东与发行人其他股东、直接股东、董事、监事、高级管理人员之间的关联关系如下：序号股东姓名/名称直接持股情况间接持股情况在发行人处任职情况关联关系1袁文杰13.74%持有天津天和14%股权董事长袁文杰系袁擘和袁易之父，袁擘系袁易之兄；袁文杰、袁擘、陈雅、翟勇、范跃林、沈强、周拴柱为天津天和董事2袁擘1.38%持有天津天和36%股权、寰盈投资4.57%合伙权益审计法务部部长3袁易9.14%持有天津天和18%股权董事、副总经理4翟勇0.62%持有天津天和4%股权天之和总经理5范跃林0.62%持有天津天和4%股权烧结一分厂厂长6沈强0.62%持有天津天和4%股权机械加工分厂厂长7周拴柱0.28%持有天津天和2%股权销售市场部职工8天津天和45.
MB001,MB001_603072_包头天和磁材科技股份有限公司_招股说明书.pdf,62,执行事务合伙人,"包头天和磁材科技股份有限公司招股说明书1-1-61序号股东名称性别国籍是否拥有永久境外居留权身份证号码1陈雅女中国否140102197112******2、朗润园截至本招股说明书签署日，朗润园持有发行人7.04%的股份。朗润园的基本情况如下：公司名称南通朗润园企业管理咨询中心（有限合伙）成立日期2015年6月26日执行事务合伙人陈娟认缴出资额2,807.80万元注册地及主要生产经营地南通市崇川区江海佳苑19幢1901室（A1907）主营业务企业管理咨询与发行人主营业务的关系与发行人主营业务不相关最近一年及一期主要财务数据（单位：万元）日期总资产净资产净利润2024.6.30/2024年1-6月2,788.752,788.27-2.862023.12.31/2023年度2,791.612,791,12-3.01注：上述数据未经审计。截至本招股说明书签署日，朗润园的出资结构如下：序号合伙人姓名合伙人性质出资额（万元）出资比例1陈娟普通合伙人50.51.80%2李华强有限合伙人535.319.06%3陈义有限合伙人202.07.19%4卢汉明有限合伙人202.07.19%5王耀国有限合伙人202.07.19%6郭亚安有限合伙人202.07.19%7马维智有限合伙人202.07.19%8曹海和有限合伙人202.07.19%9晏浩有限合伙人151.55.40%10盖伟勇有限合伙人151.55.40%11葛祖显有限合伙人151.55.40%12侯郁波有限合伙人101.03.60%13顾文彬有限合伙人101.03.60%"
MB001,MB001_603072_包头天和磁材科技股份有限公司_招股说明书.pdf,63,执行事务合伙人,".51.80%16李晓东有限合伙人50.51.80%17米良有限合伙人50.51.80%18高秀花有限合伙人50.51.80%19季国芹有限合伙人50.51.80%合计2,807.8100.00%3、元龙智能截至本招股说明书签署日，元龙智能持有发行人6.20%的股份。元龙智能的基本情况如下：公司名称南通元龙智能科技中心（有限合伙）成立日期2015年6月26日执行事务合伙人张凌认缴出资额2,450万元注册地及主要生产经营地南通市崇川区江海佳苑19幢1901室（A1901）主营业务企业管理咨询与发行人主营业务的关系与发行人主营业务不相关最近一年及一期主要财务数据（单位：万元）日期总资产净资产净利润2024.6.30/2024年1-6月3,602.722,281.05-12.882023.12.31/2023年度3,615.602,295.93-89.04注：上述数据未经审计。截至本招股说明书签署日，元龙智能的出资结构如下：序号合伙人姓名合伙人性质出资额（万元）出资比例1张凌普通合伙人1004.082%2陈义有限合伙人1,33054.286%3曹海和有限合伙人70028.571%4黄峰有限合伙人1204.897%5陈健豪有限合伙人1004.082%6王猛有限合伙人1004.082%合计2,450100.000%"
MB001,MB001_603072_包头天和磁材科技股份有限公司_招股说明书.pdf,73,前十名股东,"包头天和磁材科技股份有限公司招股说明书1-1-72股东情况发行前发行后股数（万股）比例（%）股数（万股）比例（%）社会公众股（A股）--6,607.000025.00总股本19,821.0000100.0026,428.0000100.00（二）发行人的前十名股东截至本招股说明书签署日，公司前十名股东直接持股情况如下表所示：序号股东名称持股数量（万股）持股比例（%）1天津天和8,997.000045.392袁文杰2,724.000013.743袁易1,811.00009.144朗润园1,394.98217.045元龙智能1,229.39076.206陈雅669.59143.387中车泛海561.00002.838同历宏阳560.00002.839寰盈投资457.00002.3110星火咨询423.00002.13-合计18,826.960094.99（三）前十名自然人股东及其在公司的任职情况本次发行前公司前十名自然人股东及其在发行人担任的职务如下：序号姓名持股数量（万股）任职占发行前股本比例（%）1袁文杰2,724.00董事长13.742袁易1,811.00董事、副总经理、副总工程师9.143陈雅669.5914董事、总经理3.384袁擘273.00审计法务部部长1.385范跃林122.00烧结一分厂厂长0.62翟勇122.00天之和总经理0.62沈强122.00机械加工分厂厂长0.626周拴柱56.00销售市场部职工0.287陈斌10.0358销售市场部职工0.05合计5"
MB001,MB001_603072_包头天和磁材科技股份有限公司_招股说明书.pdf,74,有限合伙人,"姓名持股发行人股份数量（万股）持股比例（%）1袁文杰2,724.0013.742袁易1,811.009.143陈雅669.59143.384袁擘273.001.385范跃林122.000.626翟勇122.000.627沈强122.000.628周拴柱56.000.282、袁擘直接持有公司1.38%的股份，寰盈投资直接持有公司2.31%的股份，袁擘系寰盈投资有限合伙人，持有寰盈投资4.57%出资。3、公司股东袁文杰系袁擘和袁易之父，袁擘系袁易之兄。2020年7月1日，袁文杰、袁擘、袁易共同签订《一致行动人协议》。4、公司股东陈雅系陈斌之姐。5、陈斌直接持有公司0.05%的股份，寰盈投资直接持有公司2.31%的股份，陈斌系寰盈投资有限合伙人，持有寰盈投资10.44%出资。除此之外，发行前各股东不存在关联关系。"
MB001,MB001_603072_包头天和磁材科技股份有限公司_招股说明书.pdf,88,执行事务合伙人,休金计划。十五、本次公开发行申报前已经制定或实施的股权激励及相关安排寰盈投资、科曼咨询为公司员工持股平台，其中寰盈投资持有发行人457.00万股，持股比例2.31%，科曼咨询持有发行人289.00万股，持股比例1.46%。两个员工持股平台的基本情况及合伙人构成情况如下：（一）寰盈投资1、基本情况公司名称包头寰盈投资中心（有限合伙）成立日期2016年2月29日执行事务合伙人龚瑞娥认缴出资额656.39万元实缴出资额656.39万元注册地及主要生产经营地内蒙古自治区包头稀土开发区稀土应用产业园主营业务投资管理、咨询与发行人主营业务关系与发行人主营业务不相关2、合伙人构成情况截至本招股说明书签署日，寰盈投资的出资情况如下：序号合伙人姓名任职情况合伙人性质出资额（万元）出资比例（%）1龚瑞娥已退休普通合伙人43.486.622陈斌销售市场部职工有限合伙人68.5510.443张晋平已退休有限合伙人55.708.494董义董事、副总经理、总工程师有限合伙人55.288.425刁树林监事会主席、销售市场部部长有限合伙人42.856.536苗聚昌天之和副总经理有限合伙人42.856.53
MB001,MB001_603072_包头天和磁材科技股份有限公司_招股说明书.pdf,89,执行事务合伙人,处理分厂厂长有限合伙人7.711.1725张亚茹表面处理分厂职工有限合伙人7.711.1726苑占祚产品试制中心职工有限合伙人7.711.1727秦阳销售市场部职工有限合伙人7.711.1728逯伟生产部职工有限合伙人7.711.17合计656.39100.00（二）科曼咨询1、基本情况公司名称包头科曼企业管理咨询中心（有限合伙）成立日期2019年2月21日执行事务合伙人刘子瑶认缴出资额742.73万元实缴出资额742.73万元注册地及主要生产经营地内蒙古自治区包头稀土高新区稀土应用产业园
MB001,MB001_603072_包头天和磁材科技股份有限公司_招股说明书.pdf,90,普通合伙人,包头天和磁材科技股份有限公司招股说明书1-1-89主营业务企业管理咨询与发行人主营业务关系与发行人主营业务不相关2、合伙人构成情况截至本招股说明书签署日，科曼咨询的出资情况如下：序号合伙人姓名任职情况合伙人性质出资额（万元）出资比例（%）1刘子瑶管理部职工普通合伙人69.399.342杜晓霞已退休有限合伙人115.6515.573张海潮财务总监、董事会秘书有限合伙人110.5114.884冯丽丽已退休有限合伙人38.555.195吴树杰研究所所长有限合伙人30.844.156邓伟杰实验检测中心职工有限合伙人30.844.157林晓勤扩散分厂厂长有限合伙人30.844.158屈波工艺创新室职工有限合伙人25.703.469伍丹妹销售市场部职工有限合伙人25.703.4610胡占江监事、材料研究二室主任有限合伙人25.703.4611杨琦华材料研究室职工有限合伙人25.703.4612李志强熔炼氢碎分厂厂长有限合伙人20.562.7713李占全后勤管理员有限合伙人15.422.0814丁伟三分厂职工有限合伙人15.422.0815齐鹤均工艺创新室职工有限合伙人15.422.0816武志敏研发管理室主任有限合伙人12.851.7317张倩证券事务部部长有限合伙人12.851.7318郭丽珍品管部部长有限合伙人12.851.7319贾瑞天之和员工有限合伙人12.851.7320苏建云母材工艺组职工有限合伙人10.281.3821翟伟伟研发管理室职工有限合伙人10.281.3822王志
MB001,MB001_603072_包头天和磁材科技股份有限公司_招股说明书.pdf,91,有限合伙人,包头天和磁材科技股份有限公司招股说明书1-1-90序号合伙人姓名任职情况合伙人性质出资额（万元）出资比例（%）28郁龙工艺创新室扩散工艺组组长有限合伙人7.711.04合计742.73100.00（三）员工持股平台的股份锁定期寰盈投资、科曼咨询已出具关于锁定期的承诺函，具体内容参见本招股说明书“附录二”之“一、关于股份锁定、持股及减持意向的承诺函”。（四）员工入股的股份支付情况寰盈投资系发行人员工持股平台，部分合伙人于2014年9月增资入股发行人，并于2016年3月将所持股权转让给持股平台寰盈投资，由直接持股变为通过寰盈投资间接持股；部分合伙人于2019年3月通过寰盈投资增资间接入股发行人。上述合伙人均系发行人内部员工，2014年9月增资价格综合考虑公司发展阶段、业务发展情况，以1元/股的价格进行增资，具有合理性，不涉及股份支付的处理；2019年3月增资价格系与同次入股的外部投资者价格相同，增资价格公允，不涉及股份支付的处理。科曼咨询系发行人员工持股平台，于2019年3月增资入股发行人。其合伙人均系发行人内部员工，增资价格与同次入股的外部投资者价格相同，价格公允，不涉及股份支付的处理。报告期内，寰盈投资发生过1次份额变动。科曼咨询发生过4次份额变动，涉及股份支付事项。1、报告期内，员工持股平台各次份额变动具体情况如下：序号员工持股平台协议签订时间变更事项出让人受让
MB001,MB001_603072_包头天和磁材科技股份有限公司_招股说明书.pdf,92,执行事务合伙人,元）0.6590.070.220.439.000.050.140.291.3790.150.460.929.000.100.310.612.4190.270.801.619.000.180.541.074.8190.531.603.219.000.361.072.14----31.02--4.4326.59上述员工离职后均按照合伙协议以及转让协议将股份转让给执行事务合伙人或执行事务合伙人指定的其他人。2、转让时点股权公允价值（1）2021年11月宋欢欢离职，根据包头科曼企业管理咨询中心（有限合伙）合伙协议规定，宋欢欢将科曼咨询财产份额7.71万元（对应发行人股份3
MB001,MB001_603072_包头天和磁材科技股份有限公司_招股说明书.pdf,93,执行事务合伙人,",728.51万元，按照PE倍数13倍确定，其公允价值9.00元/股。13倍PE系参考公司最近一次外部专业投资机构增资时的市盈率以及同期同行业股权转让或增资并购时的市盈率确定。（2）2022年4月刘国承离职，根据包头科曼企业管理咨询中心（有限合伙）合伙协议规定，刘国承将科曼咨询财产份额12.85万元（对应发行人股份5万股）按2.7756元/股转让给了科曼咨询执行事务合伙人刘子瑶。公允价值系参考公司2021年扣除非经常性损益后归属于母公司所有者的净利润13,728.51万元，按照PE倍数13倍确定，其公允价值9.00元/股。13倍PE系参考公司最近一次外部专业投资机构增资时的市盈率以及同期同行业股权转让或增资并购时的市盈率确定。（3）2022年9月张帅离职，根据包头科曼企业管理咨询中心（有限合伙）合伙协议规定，张帅将科曼咨询财产份额10.28万元（对应发行人股份4万股）按2.8270元/股转让给了科曼咨询执行事务合伙人刘子瑶。公允价值系参考公司2022年扣除股份支付费用前扣除非经常性损益后归属于母公司所有者的净利润，按照PE倍数13倍确定，其公允价值12.47元/股。13倍PE系参考公司最近一次外部专业投资机构增资时的市盈率以及同期同行业股权转让或增资并购时的市盈率确定。（4）2023年3月刘延斌离职，根据包头科曼企业管理咨询中心（有限合伙）合伙协议规定，刘延斌将科曼咨询财产份额12.85万元（对应发行人股份5万股）按2.8428元/股转让给了公司员工王子培。公允价值系参考公司2022年扣除股份支付费用前扣除非经常性损益后归属于母公司所有者的净利润18,972.74万元，按照PE"
MB001,MB001_603072_包头天和磁材科技股份有限公司_招股说明书.pdf,94,执行事务合伙人,"包头天和磁材科技股份有限公司招股说明书1-1-932.8938元/股转让给了寰盈投资执行事务合伙人龚瑞娥。公允价值系参考公司2023年扣除股份支付费用前扣除非经常性损益后归属于母公司所有者的净利润16,238.85万元，按照PE倍数13倍确定，其公允价值10.65元/股。13倍PE系参考公司最近一次外部专业投资机构增资时的市盈率以及同期同行业股权转让或增资并购时的市盈率确定。3、股份支付金额的确认及会计处理合理性由于员工离职（退伙）导致执行事务合伙人及其指定人员受让份额时，视为一次新的授予，新的授予时发行人的公允价值发生了变化，因此按照受让时发行人的公允价值确认股份支付。根据《企业会计准则第11号-股份支付》及合伙协议规定，发行人员工作为科曼咨询合伙人，存在隐含服务期（至发行人完成首次公开发行股票并上市内），彼时，发行人完成首次公开发行股票并上市预计时间为2023年9月，故发行人股权激励隐含服务期至2023年9月。2023年9月，公司根据最新上市进展，预计2023年12月上市，剩余股份支付费用重新计量，剩余等待期为2023年7月-2023年12月。2023年12月，公司根据最新上市进展，预计2024年3月上市，剩余股份支付费用重新计量。剩余等待期为2023年10月-2024年3月。2024年1月，公司根据最"
MB001,MB001_603072_包头天和磁材科技股份有限公司_招股说明书.pdf,95,执行事务合伙人,有限公司招股说明书1-1-94授予日不进行会计处理。2024年6月30日资产负债表日：借：管理费用9.57万元贷：资本公积9.57万元2023年12月31日资产负债表日：借：管理费用92.09万元贷：资本公积92.09万元2022年12月31日资产负债表日：借：管理费用35.55万元贷：资本公积35.55万元综上，报告期员工离职（退伙）导致科曼咨询/寰盈投资执行事务合伙人及其指定人员受让份额，因公允价值变动涉及股份支付，公司已按《企业会计准则第11号-股份支付》进行了股份支付确认及会计处理，公司会计处理合理。（五）员工持股平台对公司经营状况、财务状况、控制权变化等方面的影响发行人实施员工持股，能够充分激发经营管理层与骨干人员的积极性，进一步提高公司凝聚力，建立健全激励约束长效机制，为公司持续发展夯实基础。发行人上述员工持股平台在设立以及后续股权转让前后，发行人控股股东、实际控制人未发生变化，员工持股平台对发行人控制权未产生影响。除上述员工持股平台之外，公司不存在其他已制定或实施的股权激励及相关安排。十六、本次发行前涉及的对赌协议及清理情况（一）与朗润园对赌协议具体内容及实际执行情况、解除情况、清理情况1、对赌协议具体内容2016年5月，天津天和、袁文杰及其他22名自然人股东（“甲方”）与朗润园（“乙方”）、发行人（“丙方”）签署《有关南通朗润园投资中心（有
MB002,MB002_603418_上海友升铝业股份有限公司_招股说明书.pdf,59,执行事务合伙人,为：女，汉族，中国国籍，无境外永久居留权，身份证号330726197706******，本科学历。个人简历参见本节“十/（一）董事会成员”。罗世兵现任公司董事长兼总经理，金丽燕现任公司董事。罗世兵、金丽燕直接和间接合计控制发行人70.44%的股份，其中，罗世兵直接持有发行人1.41%的股份，罗世兵通过泽升贸易控制发行人61.99%的股份；金丽燕担任共青城泽升执行事务合伙人，通过共青城泽升控制发行人7.04%的股份。报告期内，发行人的实际控制人未发生变化。截至本招股说明书签署日，控股股东和实际控制人持有的公司股份不存在质押或其它有争议的情况。
MB002,MB002_603418_上海友升铝业股份有限公司_招股说明书.pdf,60,私募基金,"升铝业股份有限公司招股说明书59（二）其他持股5%以上主要股东的情况1、共青城泽升（1）共青城泽升基本情况截至本招股说明书签署日，共青城泽升持有发行人7.04%的股份。共青城泽升的基本情况如下：公司名称共青城泽升投资管理合伙企业（有限合伙）成立日期2017年9月28日认缴出资额930.7737万元执行事务合伙人金丽燕注册地和主要生产经营地江西省九江市共青城市私募基金创新园内主营业务及其与发行人主营业务的关系发行人员工持股平台，与发行人主营业务不相关主要财务数据（单位：万元）项目2024.12.31/2024年度总资产2,042.28净资产1,819.39营业收入-净利润33.72审计情况未经审计（2）共青城泽升的出资结构截至本招股说明书签署日，共青城泽升的出资结构如下：序号姓名在发行人处任职情况合伙人性质出资额（万元）出资比例1金丽燕董事普通合伙人154.827416.63%2罗世兵董事长、总经理有限合伙人457.696349.17%3付忠祥副总经理有限合伙人85.00009.13%4罗登董事有限合伙人40.00004.30%5杨小玲/有限合伙人37.50004.03%6施红惠董事会秘书有限合伙人30.00003.22%7罗楚佳/有限合伙人12.50001.34%8于亚静销售部经理有限合伙人10.00001.07%9蔡翱副总经理有限合伙人10.00001.07%"
MB002,MB002_603418_上海友升铝业股份有限公司_招股说明书.pdf,61,基金管理人,00.27%30张兴状生产部经理有限合伙人2.50000.27%31倪清元工程技术中心项目经理有限合伙人2.50000.27%合计930.7737100.00%注1：杨小玲和罗楚佳为发行人原高级管理人员罗世国（已去世）继承人。2、达晨创联基金、财投晨源、深圳达晨创程、杭州达晨创程、达晨财智、财智创赢达晨创联基金、财投晨源、深圳达晨创程、杭州达晨创程、财智创赢基金管理人均为达晨财智，因此，公司股东达晨创联基金、财投晨源、深圳达晨创
MB002,MB002_603418_上海友升铝业股份有限公司_招股说明书.pdf,62,私募基金,"公司名称深圳市达晨创联私募股权投资基金合伙企业（有限合伙）成立日期2016-11-17认缴出资额300,000万元执行事务合伙人深圳市达晨财智创业投资管理有限公司注册地和主要生产经营地深圳市福田区沙头街道天安社区深南大道深铁置业大厦三十七层、三十八层主营业务及其与发行人主营业务的关系股权投资，与发行人主营业务不相关达晨创联基金已在中国证券投资基金业协会进行了私募基金备案，其基金管理人深圳市达晨财智创业投资管理有限公司已在中国证券投资基金业协会进行了登记。截至本招股说明书签署日，达晨创联基金的出资结构如下：序号合伙人名称或者姓名合伙人性质出资额（万元）出资比例1深圳市达晨财智创业投资管理有限公司普通合伙人32,400.0010.80%2芜湖胜宾投资中心（有限合伙）有限合伙人60,600.0020.20%3深圳市引导基金投资有限公司有限合伙人40,000.0013.33%4湖南电广传媒股份有限公司有限合伙人20,000.006.67%5深圳市福田引导基金投资有限公司有限合伙人20,000.006.67%6宁波梅山保税港区腾云源晟股权投资合伙企业（有限合伙）有限合伙人15,000.005.00%7武汉联投呈祥股权投资合伙企业（有限合伙）有限合伙人10,000.003.33%8苏州上实盛世园丰股权投资合伙企业（有限合伙）有限合伙人10,000.003.33%9金雷科技股份公司有限合伙人8,000.002.67%10苏州博瑔昕曜创业投资合伙企业（有限合伙）有限合伙人6,500.002.17%11中意人寿保险有限公司有限合伙人5,000.001.67%"
MB002,MB002_603418_上海友升铝业股份有限公司_招股说明书.pdf,63,有限合伙人,"上海友升铝业股份有限公司招股说明书62序号合伙人名称或者姓名合伙人性质出资额（万元）出资比例12井冈山辰兴启迪投资合伙企业（有限合伙）有限合伙人5,000.001.67%13陈延良有限合伙人5,000.001.67%14苏州博瑔昕瑞创业投资合伙企业（有限合伙）有限合伙人3,500.001.17%15宁波梅山保税港区国钰乾元一期股权投资合伙企业（有限合伙）有限合伙人3,000.001.00%16杭州清科和思投资管理合伙企业（有限合伙）有限合伙人3,000.001.00%17武汉正煊资本投资有限公司有限合伙人3,000.001.00%18孙绍录有限合伙人2,500.000.83%19宁波梅山保税港区鍫氏创业投资合伙企业（有限合伙）有限合伙人2,000.000.67%20南京星纳晨企业管理合伙企业（有限合伙）有限合伙人2,000.000.67%21杨婧有限合伙人2,000.000.67%22湖北世纪英才文化发展有限公司有限合伙人2,000.000.67%23管晓薇有限合伙人2,000.000.67%24张陆有限合伙人2,000.000.67%25王卫平有限合伙人2,000.000.67%26张涛有限合伙人2,000.000.67%27江晓龙有限合伙人2,000.000.67%28李侃有限合伙人2,000.000.67%29舒胜利有限合伙人2,000.000.67"
MB002,MB002_603418_上海友升铝业股份有限公司_招股说明书.pdf,64,私募基金,"资中心（有限合伙）成立日期2022-11-9认缴出资额50,000万元人民币执行事务合伙人深圳市达晨财智创业投资管理有限公司（实际控制人：湖南电广传媒股份有限公司）注册地和主要生产经营地江西省赣江新区直管区中医药科创城新祺周欣东杨路8号36栋二层2095主营业务及其与发行人主营业务的关系股权投资，与发行人主营业务不相关财投晨源已在中国证券投资基金业协会进行了私募基金备案，其基金管理人深圳市达晨财智创业投资管理有限公司已在中国证券投资基金业协会进行了登记。截至本招股说明书签署日，财投晨源的出资结构如下：序号合伙人名称或者姓名合伙人性质出资额（万元）出资比例1深圳市达晨财智创业投资管理有限公司普通合伙人500.001.00%2江西省财投供应链金融有限公司有限合伙人49,500.0099.00%合计50,000.00100.00%"
MB002,MB002_603418_上海友升铝业股份有限公司_招股说明书.pdf,65,私募基金,"业（有限合伙）成立日期2022-3-22认缴出资额378,700万元人民币执行事务合伙人深圳市达晨财智创业投资管理有限公司（实际控制人：湖南电广传媒股份有限公司）注册地和主要生产经营地深圳市福田区沙头街道天安社区深南大道深铁置业大厦三十七层、三十八层主营业务及其与发行人主营业务的关系股权投资，与发行人主营业务不相关深圳达晨创程已在中国证券投资基金业协会进行了私募基金备案，其基金管理人深圳市达晨财智创业投资管理有限公司已在中国证券投资基金业协会进行了登记。截至本招股说明书签署日，深圳达晨创程的出资结构如下：序号合伙人名称或者姓名合伙人性质出资额（万元）出资比例1深圳市达晨财智创业投资管理有限公司普通合伙人6,000.001.58%2太保长航股权投资基金（武汉）合伙企业（有限合伙）有限合伙人51,000.0013.47%3常德市达晨创程私募股权投资企业（有限合伙）有限合伙人32,100.008.48%4湖南省湘江产业投资基金合伙企业（有限合伙）有限合伙人30,000.007.92%5江西省现代产业引导基金（有限合伙）有限合伙人30,000.007.92%6成都高新策源投资集团有限公司有限合伙人30,000.007.92%7招商财富资产管理有限公司有限合伙人27,600.007.29%8江西省国有资本运营控股集团有限公司有限合伙人20,000.005.28%9东莞市产投发展母基金合伙企业（有限合伙）有限合伙人20,000.005.28%10渝深（重庆）科技创新私募股权投资基金合伙企业（有限合伙）有限合伙人20,000.005.28%11湖南电广传媒股份有限公司有限合伙人15,000."
MB002,MB002_603418_上海友升铝业股份有限公司_招股说明书.pdf,66,私募基金,"业（有限合伙）成立日期2022-3-11认缴出资额300,480万元人民币执行事务合伙人深圳市达晨财智创业投资管理有限公司（实际控制人：湖南电广传媒股份有限公司）注册地和主要生产经营地浙江省杭州市临安区青山湖街道大园路1155号创业广场B座1410室主营业务及其与发行人主营业务的关系股权投资，与发行人主营业务不相关杭州达晨创程已在中国证券投资基金业协会进行了私募基金备案，其基金管理人深圳市达晨财智创业投资管理有限公司已在中国证券投资基金业协会进行了登记。截至本招股说明书签署日，杭州达晨创程的出资结构如下：序号合伙人名称或者姓名合伙人性质出资额（万元）出资比例1深圳市达晨财智创业投资管理有限公司普通合伙人3,000.001.00%"
MB002,MB002_603418_上海友升铝业股份有限公司_招股说明书.pdf,67,有限合伙人,"上海友升铝业股份有限公司招股说明书66序号合伙人名称或者姓名合伙人性质出资额（万元）出资比例2杭州产业投资有限公司有限合伙人30,000.009.98%3广西投资引导基金有限责任公司有限合伙人29,000.009.65%4芜湖歌斐颂雅股权投资中心（有限合伙）有限合伙人21,355.007.11%5招商财富资产管理有限公司有限合伙人20,050.006.67%6杭州市临安区新锦产业发展集团有限公司有限合伙人20,000.006.66%7湖南电广传媒股份有限公司有限合伙人15,000.004.99%8浙江省产业基金有限公司有限合伙人15,000.004.99%9鄂尔多斯市创新投资集团有限公司有限合伙人15,000.004.99%10芜湖歌斐颂星股权投资中心（有限合伙）有限合伙人10,880.003.62%11杭州临安金融控股集团有限公司有限合伙人10,000.003.33%12长沙马栏山投资开发建设有限公司有限合伙人10,000.003.33%13杭州钱塘和达大健康创业投资基金合伙企业（有限合伙）有限合伙人10,000.003.33%14财信吉祥人寿保险股份有限公司有限合伙人10,000.003.33%15衢州绿石新材料股权投资合伙企业（有限合伙）有限合伙人10,000.003.33%16兰溪市聚力产业基金投资有限公司有限合伙人10,000"
MB002,MB002_603418_上海友升铝业股份有限公司_招股说明书.pdf,68,有限合伙人,"上海友升铝业股份有限公司招股说明书67序号合伙人名称或者姓名合伙人性质出资额（万元）出资比例27东营前程创业投资合伙企业（有限合伙）有限合伙人3,000.001.00%28宁波梅山保税港区图生霖智股权投资中心（有限合伙）有限合伙人2,900.000.97%29宁波梅山保税港区灿运淳诺股权投资中心（有限合伙）有限合伙人2,000.000.67%合计300,480.00100.00%（5）达晨财智截至本招股说明书签署日，达晨财智持有本公司0.21%的股份。达晨财智基本情况如下：公司名称深圳市达晨财智创业投资管理有限公司成立日期2008-12-15注册资本18,668.5714万元人民币实收资本18,668.5714万元人民币法定代表人刘昼股权结构深圳市达晨创业投资有限公司持有35.00%、湖南电广传媒股份有限公司持有20.00%、肖冰持有10.00%、刘昼持有10.00%、深圳市财智创享咨询服务合伙企业（有限合伙）持有5.75%、邵红霞持有4.45%、胡德华持有2.80%、齐慎持有2.40%、刘旭峰持有2.40%、熊人杰持有2.00%、傅忠红持有2.00%、梁国智持有1.50%、熊维云持有1.30%、黄琨持有0.40%实际控制人湖南电广传媒股份有限公司注册地和主要生产经营地深圳市福田区沙头街道天安社区深南大道深铁置业大厦三十七层、三十八层主营业务及其与发行人"
MB002,MB002_603418_上海友升铝业股份有限公司_招股说明书.pdf,69,私募基金,"有限合伙）成立日期2020-6-23认缴出资额55,135.7597万元人民币执行事务合伙人深圳市达晨财智创业投资管理有限公司（实际控制人：湖南电广传媒股份有限公司）注册地和主要生产经营地深圳市福田区沙头街道天安社区深南大道深铁置业大厦三十七层、三十八层主营业务及其与发行人主营业务的关系股权投资，与发行人主营业务不相关财智创赢已在中国证券投资基金业协会进行了私募基金备案，其基金管理人深圳市达晨财智创业投资管理有限公司已在中国证券投资基金业协会进行了登记。截至本招股说明书签署日，财智创赢的出资结构如下：序号合伙人名称或者姓名合伙人性质出资额（万元）出资比例1深圳市达晨财智创业投资管理有限公司普通合伙人100.000.18%2傅忠红有限合伙人2,778.005.04%3胡德华有限合伙人2,700.004.90%4邵红霞有限合伙人2,671.004.84%"
MB002,MB002_603418_上海友升铝业股份有限公司_招股说明书.pdf,70,基金管理人,"0%26邓勇有限合伙人1,502.002.72%27舒保华有限合伙人1,500.002.72%28李卓轩有限合伙人1,500.002.72%29张瀚中有限合伙人1,476.002.68%30肖琪有限合伙人675.001.22%31刘昼有限合伙人115.000.21%合计55,135.76100.00%3、金浦临港基金和金浦科创基金金浦临港基金和金浦科创基金的基金管理人均为上海金浦智能科技投资管理有限公司，系一致行动人，金浦临港基金和金浦科创基金合计持有发行人8.29%的股份，为持有发行人5%以上股份的股东。"
MB002,MB002_603418_上海友升铝业股份有限公司_招股说明书.pdf,71,执行事务合伙人,"上海友升铝业股份有限公司招股说明书70（1）金浦临港基金截至本招股说明书签署日，金浦临港基金持有本公司5.80%的股份。金浦临港基金基本情况如下：公司名称上海金浦临港智能科技股权投资基金合伙企业（有限合伙）成立日期2017-3-27认缴出资额128,600万元执行事务合伙人上海金浦智能科技投资管理有限公司注册地和主要生产经营地上海市浦东新区南汇新城镇环湖西二路888号865室主营业务及其与发行人主营业务的关系股权投资，与发行人主营业务不相关截至本招股说明书签署日，金浦临港基金的出资结构如下：序号合伙人名称或者姓名合伙人性质出资额（万元）出资比例1上海金浦智能科技投资管理有限公司普通合伙人100.000.08%2上海宣鸿企业管理合伙企业（有限合伙）普通合伙人100.000.08%3上海临港智兆股权投资基金合伙企业（有限合伙）有限合伙人20,000.0015.55%4上海彗凛企业管理中心（有限合伙）有限合伙人18,800.0014.62%5上海国方母基金一期创业投资合伙企业（有限合伙）有限合伙人11,250.008.75%6镇江市丹徒区华建资产投资有限公司有限合伙人10,000.007.78%7上海衿歆科技发展有限公司有限合伙人10,000.007.78%8衢州绿色发展集团有限公司有限合伙人10,000.007.78%9镇江高新创业投资有限公司有限合伙人10,000.007.78%10上海荃儒投资有限公司有限合伙人7,000.005.44%11共青城浦联投资合伙企业（有限合伙）有限合"
MB002,MB002_603418_上海友升铝业股份有限公司_招股说明书.pdf,72,私募基金,"8镇江团山资本管理有限公司有限合伙人2,000.001.56%19上海松江城乾投资有限公司有限合伙人1,900.001.48%20上海颉越企业管理合伙企业（有限合伙）有限合伙人1,200.000.93%21宁波恩广创业投资合伙企业（有限合伙）有限合伙人1,000.000.78%合计128,600.00100.00%金浦临港基金已在中国证券投资基金业协会进行了私募基金备案，其基金管理人上海金浦智能科技投资管理有限公司已在中国证券投资基金业协会进行了登记。（2）金浦科创基金截至本招股说明书签署日，金浦科创基金持有本公司2.49%的股份。金浦科创基金基本情况如下：公司名称上海金浦科技创业股权投资基金合伙企业（有限合伙）成立日期2020-9-9认缴出资额60,000.00万元执行事务合伙人上海金浦科创未来投资管理有限公司注册地和主要生产经营地上海市松江区新桥镇莘砖公路668号313室主营业务及其与发行人主营业务的关系股权投资，与发行人主营业务不相关截至本招股说明书签署日，金浦科创基金的出资结构如下：序号合伙人名称或者姓名合伙人性质出资额（万元）出资比例1上海金浦科创未来投资管理有限公司普通合伙人500.000.83%2上海创乂企业管理合伙企业（有限合伙）普通合伙人100.000.17%3上海仓繁廪沣企业管理合伙企业（有限合伙）有限合伙人12,446.0020.74%4上海松江创业投资管理有限公司有限合伙人9,000.0015.00%5越秀（南昌）股权投资合伙企业（有限合伙）有限合伙人7,690.0012.82%6浙江永强集团股份有限公司有限合伙人6,000.0010.00%7上海临港经"
MB002,MB002_603418_上海友升铝业股份有限公司_招股说明书.pdf,73,私募基金,"上海友升铝业股份有限公司招股说明书72序号合伙人名称或者姓名合伙人性质出资额（万元）出资比例8上海引领接力行健私募基金合伙企业（有限合伙）有限合伙人5,264.008.77%9上海廪杰沣实企业管理中心（有限合伙）有限合伙人4,000.006.67%10上海蓁实企业管理合伙企业（有限合伙）有限合伙人3,000.005.00%11嘉兴贵全双瀛股权投资合伙企业（有限合伙）有限合伙人2,000.003.33%12湖南泰嘉新材料科技股份有限公司有限合伙人1,500.002.50%13广州一诺侨骏股权投资基金合伙企业（有限合伙）有限合伙人1,500.002.50%14南京佳视联创业投资中心（有限合伙）有限合伙人1,000.001.67%合计60,000.00100.00%金浦科创基金已在中国证券投资基金业协会进行了私募基金备案，其基金管理人上海金浦智能科技投资管理有限公司已在中国证券投资基金业协会进行了登记。八、控股股东、实际控制人报告期内不存在重大违法行为报告期内，发行人控股股东、实际控制人不存在贪污、贿赂、侵占财产、挪用财产或者破坏社会主义市场经济秩序的刑事犯罪，不存在欺诈发行、重大信息披露违法或者其他涉及国家安全、公共安全、生态安全、生产安全、公众健康安全等领域的重大违法行为。九、发行人股本情况（一）发行前后的股本结构公司发行前的总股本为"
MB002,MB002_603418_上海友升铝业股份有限公司_招股说明书.pdf,74,前十名股东,".36%51.95900.27%15达晨财汇29.73330.21%29.73330.15%16达晨财智29.73330.21%29.73330.15%17财智创赢10.10930.07%10.10930.05%二、本次发行流通股--4,826.711125.00%合计14,480.1333100.00%19,306.8444100.00%（二）本次发行前的前十名股东截至本招股说明书签署日，公司前十名股东情况如下表所示：序号股东名称持股数（万股）比例1泽升贸易8,976.000061.99%2达晨创联基金1,800.000012.43%3共青城泽升1,020.00007.04%4金浦临港基金840.00005.80%5金浦科创基金360.00002.49%6杉晖创业297.33332.05%7上海联炻297.33332.05%8罗世兵204.00001.41%9上海骁墨180.00001.24%10安吉璞颉148.66671.03%合计14,123.333397.53%"
MB002,MB002_603418_上海友升铝业股份有限公司_招股说明书.pdf,75,新增股东,"发行前的前十名自然人股东及其担任发行人职务情况本次发行前，发行人共有1名自然人股东，自然人股东的持股情况及其在发行人处任职情况如下：序号姓名在公司任职情况持股数（万股）持股比例1罗世兵董事长、总经理204.001.41%合计204.001.41%（四）国有股份或外资股份情况截至本招股说明书签署日，发行人股本中不存在国有股份或外资股份情况。（五）申报前十二个月新增股东的基本情况1、新增股东基本情况申报前十二个月，发行人新增股东的情况如下：序号股东名称持股数（万股）比例1杉晖创业297.33332.05%2上海联炻297.33332.05%3安吉璞颉148.66671.03%4财投晨源89.20000.62%5深圳达晨创程86.59840.60%6杉创智至59.46670.41%7杭州达晨创程51.95900.36%8达晨财汇29.73330.21%9达晨财智29.73330.21%10财智创赢10.10930.07%合计1,100.13337.61%上述新增股东均系财务投资者，因看好公司未来发展，通过增资的方式成为公司股东，具备法律、法规规定的股东资格。最近一年内，公司新增股东基本情况如下："
MB002,MB002_603418_上海友升铝业股份有限公司_招股说明书.pdf,76,基金管理人,"场3楼310室GW-25号主营业务股权投资2）达晨财汇的合伙人及财产份额结构如下：序号合伙人名称合伙人类型出资额（万元）出资比例1海南三亚达晨投资有限公司普通合伙人14,253.0098.30%2深圳市达晨创业投资有限公司普通合伙人147.001.01%3深圳市荣涵投资有限公司有限合伙人100.000.69%合计14,500.00100.00%3）达晨财汇的基金管理人为深圳市达晨创业投资有限公司，其基本情况如下：企业名称深圳市达晨创业投资有限公司成立日期2000-4-19注册资本10,000万元人民币法定代表人付维刚注册地和主要经营场所深圳市福田区深南大道特区报业大厦23楼D座主营业务股权投资（3）杉晖创业1）杉晖创业基本情况"
MB002,MB002_603418_上海友升铝业股份有限公司_招股说明书.pdf,77,基金管理人,"-B主营业务股权投资2）杉晖创业的合伙人及财产份额结构如下：序号合伙人名称合伙人类型出资额（万元）出资比例1上海杉杉创晖创业投资管理有限公司普通合伙人10.000.10%2重庆渝富控股集团有限公司有限合伙人8,000.0076.12%3南通杉富股权投资合伙企业（有限合伙）有限合伙人2,500.0023.79%合计10,510.00100.00%3）杉晖创业的基金管理人为上海杉杉创晖创业投资管理有限公司，其基本情况如下：企业名称上海杉杉创晖创业投资管理有限公司成立日期2011-6-16注册资本1,250万元人民币法定代表人宫毅注册地上海市杨浦区国定路335号2号楼1004-7室主要经营场所上海市浦东新区耀元路39弄君康金融广场A栋8楼主营业务股权投资（4）杉创智至1）杉创智至基本情况企业名称上海杉创智至创业投资合伙企业（有限合伙）成立日期2020-10-14注册资本32,000万元人民币执行事务合伙人上海杉杉创晖创业投资管理有限公司（实际控制人：宫毅）注册地上海市嘉定区塔城路885号3幢3层327室主要经营场所上海市浦东新区耀元路39弄君康金融广场A栋8楼"
MB002,MB002_603418_上海友升铝业股份有限公司_招股说明书.pdf,78,基金管理人,"资有限公司有限合伙人4,500.0014.06%7上海市信息投资股份有限公司有限合伙人4,000.0012.50%8上海兴嘉股权投资合伙企业（有限合伙）有限合伙人3,000.009.38%9深圳爱众资本管理有限公司有限合伙人2,000.006.25%10上海杉创矿业投资有限公司有限合伙人390.001.22%合计32,000.00100.00%3）杉创智至的基金管理人为上海杉杉创晖创业投资管理有限公司，与杉晖创业管理人相同。（5）上海联炻1）上海联炻基本情况企业名称上海联炻企业管理中心（有限合伙）成立日期2022-1-19注册资本10,010万元人民币执行事务合伙人上海联新资本管理有限公司（实际控制人：无实际控制人）注册地和主要经营场所上海市青浦区五厍浜路203号13幢六层E区680室主营业务股权投资2）上海联炻的合伙人及财产份额结构如下：序号合伙人名称合伙人类型出资额（万元）出资比例1上海联新资本管理有限公司普通合伙人10.000.10%2上海融合产业股权投资基金合伙企业（有限合伙）有限合伙人8,000.0079.92%3上海联新三期创业投资中心（有限合伙）有限合伙人2,000.0019.98%"
MB002,MB002_603418_上海友升铝业股份有限公司_招股说明书.pdf,79,基金管理人,"%5王维生有限合伙人606.0012.00%6范承喜有限合伙人404.008.00%合计5,051.00100.00%2、发行人申报前十二个月新增股东与发行人其他股东、董事、监事、高级管理人员，及与本次发行的中介机构及其负责人、高级管理人员、经办人员之间的关联关系新增股东财投晨源、深圳达晨创程、杭州达晨创程、财智创赢与发起人股东达晨创联基金的执行事务合伙人兼基金管理人均为新增股东达晨财智。发行人董事汪璐为达晨财智员工。新增股东达晨财汇之基金管理人深圳市达晨创业投资有限公司与达晨财智均属于湖南电广传媒股份有限公司控制，但二者投资决策、运营管理均独立进行。"
MB002,MB002_603418_上海友升铝业股份有限公司_招股说明书.pdf,80,私募投资基金,"增长存在资金需求，拟通过股权融资的方式引入外部股东，新增股东看好新能源汽车产业及轻量化零部件的发展前景。入股价格及定价依据：2022年12月19日，经股东大会审议通过，发行人股本由13,380.00万元增加至14,480.1333万元。本次增资作价为33.6323元/股，增资价格系综合参考发行人的经营状况、财务状况、发展预期等因素后由各方协商确定。（六）股东私募投资基金备案情况截至本招股说明书签署日，公司共有16名机构股东，其中，私募基金股东为10名并均已办理了私募基金产品备案，私募投资基金管理人1名，系达晨财智，达晨财智已办理私募基金管理人备案。另外5名机构股东不属于《中华人民共和国证券投资基金法》《私募投资基金监督管理暂行办法》《私募投资基金管理人登记和基金备案办法（试行）》所规定的私募投资基金或私募投资基金管理人，无需依照相关规定办理私募投资基金备案或私募投资基金管理人登记手续。其中，属于私募投资基金的股东备案、登记情况如下：序号股东名称基金编号备案时间基金管理人名称基金管理人登记编号1达晨创联基金SR39672016-12-30达晨财智P10009002财投晨源SXW1292022-12-23深圳达晨创程SVQ4422022-5-104杭州达晨创程SVS1082022-5-235财智创赢SNA6672020-12-246达晨财汇STZ7542022-8-3深圳市达晨创业投资有限公司P1070858"
MB002,MB002_603418_上海友升铝业股份有限公司_招股说明书.pdf,81,基金编号,上海友升铝业股份有限公司招股说明书80序号股东名称基金编号备案时间基金管理人名称基金管理人登记编号7金浦临港基金SY18072018-1-4上海金浦智能科技投资管理有限公司P10639088金浦科创基金SLZ2392020-9-299杉晖创业SZA7152022-12-27上海杉杉创晖创业投资管理有限公司P100440010杉创智至SVA0722022-2-8（七）本次发行前各股东间的关联关系、一致行动关系及关联股东的各自持股比例本次发行前，各股东间的关联关系、一致行动关系及关联股东的各自持股比例情况如下：股东名称或者姓名持股比例关联关系罗世兵1.41%罗世兵持有泽升贸易100.00%的股权，持有共青城泽升49.17%的出资额，金丽燕持有共青城泽升16.63%的出资额，金丽燕为共青城泽升执行事务合伙人、泽升贸易执行董事、经理。罗世兵、金丽燕为夫妻关系。罗世兵兄弟之子罗登持有共青城泽升4.30%的出资额，罗登为发行人董事。罗世兵之兄弟、已故发行人高级管理人员罗世国之配偶杨小玲持有共青城泽升4.03%的出资额，罗世国之女罗楚佳持有共青城泽升1.34%的出资额。罗世兵、金丽燕、泽升贸易和共青城泽升构成一致行动关系。泽升贸易61.99%共青城泽升7.04%金浦临港基金5.80%金浦
MB002,MB002_603418_上海友升铝业股份有限公司_招股说明书.pdf,83,执行事务合伙人,上海友升铝业股份有限公司招股说明书82有限董事。2020年8月至今任友升股份董事；兼任泽升贸易执行董事、经理及共青城泽升执行事务合伙人。3、汪璐，女，1983年出生，中国国籍，无境外永久居留权，硕士研究生学历。曾于2007年7月至2008年8月任中电飞华通讯股份有限公司市场经理；2010年1月至2014年6月任上海电气泰雷兹交通自动化系统有限公司市场发展部经理；2014年6月至2014年8月任高迪安集团公共事务发展部部长、战略发展部总监；2015年2月至2020年12月任上海四维文化传媒股份有限公司监事；2015年5月至2020年4月任上海浦东爱你壹世创新企业发展有限公司董事；2019年4月至2019年8月任上海壹佰米网络科技有限公司董事；2014年8月至今任深圳市达晨财智创业投资管理有限公司上海总经理；2019年至2021年9月任DingDongCayman董事；2020年10月至今任上海悦普广告集团股份有限公司董事；2017年12月至2020年8月任友升有限董事；2020年8月起至今任友升股份董事。其他任职参见本节“十/（五）董事、监事、高级管理人员及其他核心人员兼职情况”。4、罗登，男，1984年出生，中国国籍，无境外永久居留权，本科学历。曾于2007年1月至2012年2月任上海昊钰软件信息技术有限公司研发总监；2012年2月至2013
MB002,MB002_603418_上海友升铝业股份有限公司_招股说明书.pdf,84,执行事务合伙人,主任、上海交通大学材料学院讲师、副教授、英国牛津大学材料系高级访问学者。2015年12月至今任上海交通大学材料学院教授；2017年7月至今任上海交通大学凝固科学与技术研究所研究员和教工支部党支部书记；2017年8月至今任上交赛孚尔（包头）新材料有限公司董事长；2017年8月至今任上海市铝业协会副会长；2019年3月至今任奇铝（上海）新材料研究中心（有限合伙）执行事务合伙人；2019年4月至今任昆山晶微新材料研究院有限公司执行董事兼总经理；2019年5月至今任广西百色市铝业协会副会长；2019年6月至今任昆山祁御新材料科技有限公司总经理；2021年1月至今任上海佼会材料科技有限责任公司执行董事；2020年8月至今任友升股份独立董事。（二）监事会成员公司监事会由3名成员组成，其中包括一名职工代表监事，监事会成员如下表：
MB002,MB002_603418_上海友升铝业股份有限公司_招股说明书.pdf,88,执行事务合伙人,上海友升铝业股份有限公司招股说明书87姓名在本单位的任职情况兼职单位兼任职务兼职单位与公司关系金丽燕董事泽升贸易执行董事、经理控股股东共青城泽升执行事务合伙人股东张佼独立董事上海交通大学材料学院教授、凝固科学与技术研究所研究院和教工支部党支部书记无关联关系上交赛孚尔（包头）新材料有限公司董事长关联方奇铝（上海）新材料研究中心（有限合伙）执行事务合伙人关联方昆山晶微新材料研究院有限公司执行董事、总经理关联方昆山祁御新材料科技有限公司总经理关联方上海佼会材料科技有限责任公司执行董事关联方上海凝微新材料研究中心（有限合伙）执行事务合伙人关联方上海市铝业协会副会长无关联关系广西百色市铝业协会副会长无关联关系李阿吉独立董事上海品正方远管理咨询有限公司总经理关联方密尔克卫智能供应链服务集团股份有限公司独立董事无关联关系刘伟龙独立董事联华超市股份有限公司安全质量部部长无关联关系上海衡益企业管理咨询有限公司（已吊销）执行董事关联方上海联通教育科技有限公司（已吊销）监事无关联关系汪璐董事深圳市达晨财智创业投资管理有限公司上海总经理股东上海悦普广告集团股份有限公司董事关联方上海国晨创业投资管理有限公司董事关联方除上述已披露兼职情况外，截至本招股说明书签署日，公司董事、监事、高级管理人员及核心技术人员均未在其他单位兼职。（六）董事、监事、高级管理人员及其他核心人员的亲属关系公司董事、监事
MB002,MB002_603418_上海友升铝业股份有限公司_招股说明书.pdf,95,执行事务合伙人,上海友升铝业股份有限公司招股说明书94激励员工，共青城泽升执行事务合伙人金丽燕将40万元出资额转让给9名股权激励对象。除此之外，公司不存在其他已经制定或正在实施的股权激励及相关安排。（一）员工持股平台的基本情况及人员构成截至本招股说明书签署日，共青城泽升具体情况详见本招股说明书本节“七/（二）其他持股5%以上主要股东的情况/1、共青城泽升”之说明。（二）股份锁定期等有关情况共青城泽升已就本次发行前所持公司股份出具了限售安排、自愿锁定、持股及减持意向的承诺，详见本招股说明书“附录一：与投资者保护相关的承诺”。（三）股权激励对公司经营状况、财务状况、控制权等方面的影响公司通过股权激励，进一步健全了公司的长效激励机制，有助于充分调动员工的积极性和创造性，从而促进公司的良性发展。共青城泽升由公司实际控制人金丽燕担任执行事务合伙人，持股平台的设立不会影响公司控制权的稳定性。为公允反映股权激励对公司财务状况的影响，公司对股权激励确认了股份支付费用。1、2018年12月，股份支付的具体情况及会计处理情况2018年12月，共青城泽升合伙人认缴出资额由200万元变更为930.7737万元。新增出资额730.7737万元，其中：金丽燕认缴73.0774万元，罗世兵认缴277.6963万元，其余380万
MB002,MB002_603418_上海友升铝业股份有限公司_招股说明书.pdf,96,有限合伙人,上海友升铝业股份有限公司招股说明书95序号合伙人姓名当时任职情况合伙人性质认缴额（万元）出资占比5施红惠财务总监有限合伙人40.00004.30%6赵洪涛董事有限合伙人30.00003.22%7罗登总经理秘书有限合伙人30.00003.22%8张友伟工程技术中心项目经理有限合伙人20.00002.15%9殷明运营总监有限合伙人10.00001.07%10蔡翱副总经理有限合伙人10.00001.07%11姚清涛运营总监有限合伙人10.00001.07%12刘旺才副总经理有限合伙人10.00001.07%13张云飞行政部经理有限合伙人5.00000.54%14简浩财务经理有限合伙人5.00000.54%15万纯生采购部副经理有限合伙人5.00000.54%16李政品保部经理有限合伙人5.00000.54%17李健生产部经理有限合伙人5.00000.54%18于亚静销售部经理有限合伙人5.00000.54%19潘春林设备部经理有限合伙人5.00000.54%20曹捷工程技术中心项目经理有限合伙人5.00000.54%21李文通工程技术中心项目经理有限合伙人5.00000.54%22糜罕峰工程技术中心工程经理有限合伙人5.00000.54%23王立忠工程技术中心项目经理有限合伙人5.00000.54%24周盛礼工程技术中心项目经理有限合伙人5
MB002,MB002_603418_上海友升铝业股份有限公司_招股说明书.pdf,97,执行事务合伙人,》，结合公司《股权激励计划》的具体约定，除施红惠外，公司对于股权激励员工的服务期有明确表述，即“激励计划实施之日起至上市之日后36个月内”，股权激励费用在等待期内摊销；公司看重施红惠的专业能力和IPO上市经验，一次性授予其股份，明确不含相关服务期限，股权激励费用在授予日一次性确认。2、2021年2月，股份支付的具体情况及会计处理情况2021年2月，共青城泽升执行事务合伙人金丽燕将40万元出资额转让给9名股权激励对象，均为公司员工。具体如下：序号姓名当时任职情况合伙人性质出资额（万元）1于亚静销售部经理有限合伙人5.002王甥财务总监有限合伙人10.003董朋轩工程技术中心项目经理有限合伙人5.004刘学君运营总监有限合伙人5.005万光强运营总监有限合伙人5.006万新亮工程技术中心副经理有限合伙人2.507倪清元工程技术中心项目经理有限合伙人2.508卓振生产部技术总监有限合伙人2.509张兴状工程技术中心项目经理有限合伙人2.50合计40.00本次股份支付的股权公允价值参考以2020年9月外部投资者金浦临港基金、金浦科创基金和上海骁墨增资友升股份的价格8.3333元/股作为公允价值测算，应确认的股份支付总额223.28万元，等待期为授予日至预计上市之日后36个月（2027年12月），股权激励费用在等待期内摊销。3、授予日后转让份额时股份支付的处理授予日后，存在部分激励员工离职的情况，离职员工将持有的共青城泽升的股权转让给执行事务合伙人金丽燕或其指定的第三方，公司对离职人员已确认的股份支付费用在当期进行冲回，对新授予方的股权按最新的估值重新确认股份支付费用，并在等待期内摊销。
MB002,MB002_603418_上海友升铝业股份有限公司_招股说明书.pdf,98,执行事务合伙人,"上海友升铝业股份有限公司招股说明书97授予日后，存在部分在职员工将持有的共青城泽升的股权转让给执行事务合伙人金丽燕或其指定的第三方，作为加速行权处理，将剩余等待期内应确认的金额立即计入当期损益。综合考虑上述因素，报告期内确认股份支付费用金额分别为144.33万元、247.78万元和266.30万元。十七、发行人员工情况（一）员工基本情况1、员工人数及变化报告期各期末，公司员工人数如下：项目2024.12.312023.12.312022.12.31员工人数3,4652,9842,5692、员工专业结构、受教育程度和年龄分布情况截至2024年12月31日，公司员工专业结构、受教育程度及年龄分布结构如下：项目类别人数占总人数的比例专业结构生产人员2,83781.88%销售人员250.72%管理人员3108.95%研发人员2938.46%合计3,465100.00%项目类别人数占总人数的比例受教育程度硕士及以上210.61%大学（含大专）51714.92%高中及以下2,92784.47%合计3,465100.00%项目类别人数占总人数的比例年龄分布30岁及以下71520.63%31-40岁1,44141.59%41-50岁1,04730.22%"
MB002,MB002_603418_上海友升铝业股份有限公司_招股说明书.pdf,296,执行事务合伙人,璐之配偶叶永清持有其99.99%的股权并担任其执行董事35上海竑沃企业管理有限公司上海竑鼎企业管理有限公司持有其100%的股权，发行人董事汪璐之配偶叶永清担任其执行董事36上海麦森医疗科技有限公司发行人董事汪璐之配偶叶永清持有其55%的股权并担任其执行董事、总经理37上海心宏投资管理中心（有限合伙）发行人董事汪璐之配偶叶永清持有其26.89%的出资额并担任其执行事务合伙人38上海希斯百瑞仪器有限公司发行人董事汪璐之配偶叶永清持有其50%的股权并担任其执行董事（已于2023年4月19日已注销）39降维股权投资（上海）有限公司发行人董事汪璐之配偶叶永清持有其40%的股权并担任其总经理40上海降维创业投资管理中心（有限合伙）降维股权投资（上海）有限公司为其执行事务合伙人，发行人董事汪璐之配偶叶永清持有其19.80%的出资额41上海降维投资管理中心（有限合伙）降维股权投资（上海）有限公司为其执行事务合伙人42北京西域鼎盛科技有限公司西域供应链有限公司持有其100%的股权，发行人董事汪璐之配偶叶永清担任其执行董事、经理，已于2022年12月注销43三河璟昌供应链有限公司西域供应链有限公司持有其100%的股权，发行人董事汪璐之配偶叶永清担任其执行董事、经理，已于2022年12月注销44上海歆艺瑞咨询管理中心（有限合伙）发行人董事汪璐之配偶叶永清担任其执行事务合伙人45上海规序咨询策划中心（有限合伙）发行人董事汪璐之配偶叶永清担任其执行事务合伙人46上海心缇企业管理中心（有限合伙）发行人董事汪璐之配偶叶永清担任其执行事务合伙人47上海心雁企业管理中心（有限合伙）发行人董事汪璐之配偶叶永清担任
MB002,MB002_603418_上海友升铝业股份有限公司_招股说明书.pdf,297,执行事务合伙人,上海衡益企业管理咨询有限公司（已吊销）发行人独立董事刘伟龙持有其50%的股权并担任其执行董事。51上交赛孚尔（包头）新材料有限公司发行人独立董事张佼持有其36.52%的股权并担任其董事长52昆山祁御新材料科技有限公司发行人独立董事张佼持有其99%的股权并担任其总经理53奇铝（上海）新材料研究中心（有限合伙）发行人独立董事张佼持有其99.50%的出资额并担任其执行事务合伙人54昆山晶微新材料研究院有限公司上海凝微新材料研究中心（有限合伙）持有其46.24%的股权，奇铝（上海）新材料研究中心（有限合伙）持有其21.76%的股权，发行人独立董事张佼担任其执行董事、总经理55上海佼会材料科技有限责任公司发行人独立董事张佼持有其100%的股权并担任其执行董事56上海悦会新材料合伙企业（有限合伙）上海佼会材料科技有限责任公司为其执行事务合伙人57上海麟振材料科技有限公司上海佼会材料科技有限责任公司持有80%的股权58上海凝微新材料研究中心（有限合伙）发行人独立董事张佼持有30%的出资额，并担任其执行事务合伙人59上海品正方远管理咨询有限公司发行人独立董事李阿吉担任其总经理60重庆烨迪建筑工程有限公司（已注销）发行人原副总经理罗世国配偶杨小玲之姐妹之配偶胡建成持有其70%的股权并担任其执行董事兼经理；发行人原副总经理罗世国配偶杨小玲之兄弟杨在雄持有其30%的股权，现已注销61重庆烨迪物业管理有限公司（已注销）发行人原副总经理罗世国配偶杨小玲之姐妹之配偶胡建成持有其100%的股权并担任其执行董事兼经理，现已注销62重庆建成铝业有限公司（已注销）发行人原副总经理罗世国配偶杨小玲之姐妹之配偶胡建成
MB002,MB002_603418_上海友升铝业股份有限公司_招股说明书.pdf,298,执行事务合伙人,上海友升铝业股份有限公司招股说明书297序号关联方名称与发行人的关系（一）直接或间接持有发行人5%以上股份的自然人66罗世兵实际控制人之一，直接持有发行人1.41%的股份，持有泽升贸易100%的股权，持有共青城泽升49.17%的出资额并担任发行人董事长、总经理67金丽燕实际控制人之一，担任泽升贸易执行董事、经理，持有共青城泽升16.63%的出资额并担任其执行事务合伙人，担任发行人的董事（二）其他发行人董事、监事和高级管理人员，参见本招股说明书“第四节董事、监事、高级管理人员与其他核心人员”（三）其他控股股东董事、监事和高级管理人员68张云飞泽升贸易监事（四）其他关联自然人（包括发行人董事、监事、高级管理人员关系密切的家庭成员、直接和间接持有发行人5%以上股份的自然人关系密切的家庭成员）1、其他关联自然人的认定依据根据《上海证券交易所股票上市规则》的规定，具有以下情形之一的自然人，为上市公司的关联自然人：（1）直接或者间接持有上市公司5%以上股份的自然人；（2）上市公司董事、监事和高级管理人员；（3）直接或者间接地控制上市公司的法人（或者其他组织）的董事、监事和高级管理人员；（4）本款第（1）项、第（2）项所述人士的关系密切的家庭成员。2、其他关联自然人的具体情况“其他关联自然人”主要包括发行人董事、监事、高级管理人员关系密切的家庭成员、直接和间接持有发行人5%以上股份的自然人关系密切的家庭成员。报告期内与发行人发生交易或存在往来余额情况的“其他关联自然人”具体人员如下：关联方关联关系柯文明发行人实际控制人金丽燕之姐夫金海燕发行人实际控制人金丽燕之姐姐（二）关联交易1、重大关
MB002,MB002_603418_上海友升铝业股份有限公司_招股说明书.pdf,335,基金管理人,留应付本人现金分红中与本人应上交发行人的违规减持所得金额相等的现金分红。”（三）持股比例超过5%的股东所持股份的限售安排、自愿锁定、持股及减持意向的承诺本次发行前，其他持有发行人股份超过股份总数5%的股东分别为：1、共青城泽升持有发行人7.04%股份；2、达晨创联基金持有发行人12.43%股份；3、金浦临港基金和金浦科创基金合计持有发行人8.29%股份，两家基金管理人同为上海金浦智能科技投资管理有限公司。股东共青城泽升承诺：“（一）关于所持股份的限售安排、自愿锁定股份、延长锁定期限的承诺1、在发行人股票在上海证券交易所上市之日起36个月之内，不转让或委托他人管理本企业于本次发行前直接或间接持有的发行人股份（包括由该部分股份派生的股份如送红股、资本公积金转增等，下同），也不由发行人回购本企
MB002,MB002_603418_上海友升铝业股份有限公司_招股说明书.pdf,337,执行事务合伙人,则发行人有权扣留应付本企业现金分红中与本企业应上交发行人的违规减持所得金额相等的现金分红。股东达晨创联基金承诺：“（一）关于所持股份的限售安排、自愿锁定股份、延长锁定期限的承诺1、在发行人股票在上海证券交易所上市之日起12个月之内，不转让或委托他人管理本企业于本次发行前持有的发行人股份（包括由该部分股份派生的股份如送红股、资本公积金转增等，下同）（委托本企业执行事务合伙人管理本企业或执行合伙事务除外），也不由发行人回购本企业持有的发行人公开发行股票前已发行的股份。2、本企业减持发行人股票时，依照《公司法》《证券法》、中国证券监督管理委员会和上海证券交易所的相关规定执行。3、本企业将忠实履行承诺，如本企业违反上述承诺或法律强制性规定减持股票的，本企业将按照中国证券监督管理委员会和上海证券交易所的相关规定执行。（二）持股及减持意向的承诺1、在本企业所持发行人本次公开发行前股票的锁定期满后，本企业拟减持发行人股票的，将认真遵守中国证监会、上海证券交易所关于股东减持的相关
MB002,MB002_603418_上海友升铝业股份有限公司_招股说明书.pdf,342,执行事务合伙人,上海友升铝业股份有限公司招股说明书341伙人管理本企业或执行合伙事务除外），也不由发行人回购本企业持有的发行人公开发行股票前已发行的股份。2、自发行人股票在证券交易所上市交易之日起12个月内，不转让或者委托他人管理本次发行前其直接或者间接持有的发行人股份（委托本企业执行事务合伙人管理本企业或执行合伙事务除外），也不由发行人回购该部分股份。3、本企业减持发行人股票时，依照《公司法》《证券法》、中国证券监督管理委员会和上海证券交易所的相关规定执行。本企业将忠实履行承诺，如本企业违反上述承诺或法律强制性规定减持股票的，本企业将按照中国证券监督管理委员会和上海证券交易所的相关规定执行。（二）持股及减持意向的承诺1、在本企业所持发行人本次公开发行前股票的锁定期满后，本企业拟减持发行人股票的，将认真遵守中国证监会、上海证券交易所关于股东减持的相关规定，审慎制定股票减持计划。2、本企业在持有发行人股票锁定期届满之日起二十四个月内拟减持发行人股票的，减持数量不超过本企业持有发行人股票的100%，减持价格参考减持当时的市场价格且应符合法律法规的相关规定；同时，在本企业作为发行人持股5%以上股东期间拟减持发行人股票的，本企业在减持发行人股票前，将在相关法律法规及规定所规定的时间提前予以公告，并按照上海证券交易所的规则及时、准确地履行信息披露义务，如计划通过上海证券交易所集中竞价交易减持股份的，将在首次卖出的规定时间前向上海证券交易所报告并预先披露减持计划。3、本企业减持发行人股份的方式应符合相关法律、法规
STAR001,STAR001_688758_苏州赛分科技股份有限公司_招股说明书.pdf,36,备案编号,"期估值情况，基于对发行人市值的预先评估，预计发行人发行后总市值不低于人民币10亿元，符合上述标准。八、发行人公司治理特殊安排等重要事项截至本招股说明书签署之日，公司不存在有关公司治理特殊安排的重要事项。九、募集资金的用途与未来发展规划（一）募集资金用途公司本次发行募集资金将投入以下项目：单位：万元序号项目名称项目实施单位募投项目投资总额募集资金拟投入金额项目备案编号项目环保批文号120万升/年生物医药分离纯化用辅料扬州赛分41,467.6833,423.41扬邗行审投资备﹝2022﹞126号扬环审批[2023]05-01号2研发中心建设项目赛分科技、赛分生科19,816.2219,499.25苏园行审境外投备﹝2022﹞第195号-3补充流动资金赛分科技27,077.3427,077.34--合计-88,361.2480,000.00--本次募集资金将存放于董事会决定的专项账户。根据募集资金投资项目的实际进度，公司如在募集资金到位前以自筹资金先行投入以上项目的建设，将待募集资金到位后对前期投入的自筹资金进行置换。若本次募集资金不能满足预计资金使用需求的，不足部分将通过公司自有资金或其他自筹方式予以解决。若所筹资金超过预计募集资金数额的，公司将严格按照相关规定履行相应程序，用于主营业务发展。"
STAR001,STAR001_688758_苏州赛分科技股份有限公司_招股说明书.pdf,59,新增股东,"苏州赛分科技股份有限公司首次公开发行股票并在科创板上市招股说明书1-1-584、2021年11月，报告期内第二次增资2021年10月28日，赛分科技召开2021年第一次临时股东大会，决议同意赛分科技增发股份4,243,901股，新增股份由新增股东源峰磐赛、珠海峦恒、高瓴祈睿、国药中生、圣成投资、国药二期、圣祁投资、夏尔巴二期、甘李药业、吴征涛认购。2021年10月28日，上述新增股东与赛分科技签署了《增资协议》。截至2021年11月，上述新增股东已支付完毕全部增资款。本次增资具体情况如下：序号股东姓名/名称认购股份（股）股份价格（元/股）认购金额（万元）出资方式1源峰磐赛1,571,815127.2420,000.00货币2珠海峦恒628,7268,000.00货币3高瓴祈睿628,7268,000.00货币4国药中生461,8465,876.59货币5圣成投资9,699123.41货币6国药二期155,6251,980.20货币7圣祁投资1,55619.80货币8夏尔巴二期392,9545,000.00货币9甘李药业235,7723,000.00货币10吴征涛157,1822,000.00货币合计4,243,901-54,000.00-注：上述表格中增资单价和增资金额之间的细微差异，系计算过程四舍五入造成。2021年11月10日，赛分科技取得了江苏省市场监督管理局换发的《营业执照》。本次增资完成后，赛分科技的股权结构如下：序号股东姓名/名称股份数量（股）持"
STAR001,STAR001_688758_苏州赛分科技股份有限公司_招股说明书.pdf,60,新增股东,"斌30,0410.094628道兴投资28,0790.088429张敏20,6540.065130圣成投资9,6990.030531圣祁投资1,5560.0049合计31,750,670100.00005、2021年12月，报告期内第三次增资2021年11月22日，赛分科技召开2021年第二次临时股东大会，决议同意赛分科技增发股份117,886股，新增股份由新增股东聚贝投资以人民币1,500万元认购。"
STAR001,STAR001_688758_苏州赛分科技股份有限公司_招股说明书.pdf,70,普通合伙人,"年6月17日注销，无最近一年一期数据。（四）公司的下属分公司情况报告期内，公司不存在设立分公司的情况。六、公司实际控制人及持有公司5%以上股份的主要股东情况（一）控股股东及实际控制人情况1、控股股东与实际控制人截至本招股说明书签署日，黄学英直接持有公司92,364,177股，占公司总股本比例为25.20%，为公司的控股股东。同时，黄学英为苏州贤达、苏州杰贤的普通合伙人，苏州贤达、苏州杰贤分别持有公司股权的4.21%和2.18%。因此，黄学英合计控制公司股权31.59%，为公司的实际控制人。黄学英的情况如下：黄学英，男，中国国籍，美国永久居留权，身份证号码3201061966********。其简历见“第四节发行人基本情况”之“十一、董事、监事、高级管理人员及核心技术人员的情况”之“（一）董事会成员”。2、控股股东和实际控制人直接或间接持有发行人的股份是否存在质押或其他有争议的情况截至本招股说明书签署日，公司控股股东、实际控制人直接或间接持有的公司股份不存在质押或其他权利争议的情况。"
STAR001,STAR001_688758_苏州赛分科技股份有限公司_招股说明书.pdf,71,执行事务合伙人,科技员工持股平台2苏州杰贤53.2239赛分科技员工持股平台截至本招股说明书签署日，上述企业基本情况如下：1、苏州贤达中文名称：苏州贤达企业管理合伙企业（有限合伙）统一社会信用代码：91320594MA1TDWGA75注册地：中国（江苏）自由贸易试验区苏州片区集贤街11号赛分科技研发办公大楼一楼办公室二类型：外商投资有限合伙企业注册资本：825.0225万元执行事务合伙人：黄学英成立日期：2017年12月5日营业范围：企业管理服务及咨询、商务信息咨询、经济信息咨询。（依法须经批准的项目，经相关部门批准后方可开展经营活动）截至本招股说明书签署之日，苏州贤达股权结构如下：序号股东姓名合伙人性质认缴出资额（万元）认缴出资比例（%）出资方式1黄学英普通合伙人143.4488517.3873货币2SHAO-TANGSUN有限合伙人184.5000022.3630货币3MATHEWGEORGE有限合伙人110.7000013.4178货币4杨克有限合伙人89.9437010.9020货币5周晓涛有限合伙人83.0250010.0634货币6KATHLEENLEEFALLS有限合伙人33.210004.0253货币7CHING-CHERNGLEE有限合伙人30.750003.7272货币8吴颋㑇有限合伙人27.675003.3545货币9范晨有限合伙人16.605002.0127货币10YIHUANG有限合伙人16.605002.0127货币11SHENYIWANG有限合伙人16.605002.0127货币
STAR001,STAR001_688758_苏州赛分科技股份有限公司_招股说明书.pdf,72,执行事务合伙人,企业份额。注2：2024年2月，发行人员工JIANXU离职，其所持有的苏州贤达合伙份额转让给普通合伙人黄学英。2、苏州杰贤中文名称：苏州杰贤企业管理合伙企业（有限合伙）统一社会信用代码：91320594MA1TDWHX1U注册地：中国（江苏）自由贸易试验区苏州片区集贤街11号赛分科技研发办公大楼一楼办公室一类型：有限合伙企业注册资本：427.302万元人民币执行事务合伙人：黄学英成立日期：2017年12月5日营业范围：企业管理服务及咨询、商务信息咨询、经济信息咨询。（依法须经批准的项目，经相关部门批准后方可开展经营活动）截至本招股说明书签署日，苏州杰贤股权结构如下：序号合伙人姓名/名称合伙人性质认缴出资额（万元）认缴出资比例（%）出资方式1黄学英普通合伙人227.427053.2239货币2刘干有限合伙人61.500014.3926货币3丁忠有限合伙人21.52505.0374货币4徐新东有限合伙人18.45004.3178货币5卞庆莲有限合伙人15.37503.5982货币6丁良龙有限合伙人15.37503.5982货币7张伍保有限合伙人15.37503.5982货币8戴丽有限合伙人15.37503.5982货币9胡新妹有限合伙人15.37503.5982货币10杨元营有限合伙人12.30002.8785货币
STAR001,STAR001_688758_苏州赛分科技股份有限公司_招股说明书.pdf,73,普通合伙人,名称合伙人性质认缴出资额（万元）认缴出资比例（%）出资方式11黄杰有限合伙人9.22502.1589货币合计/427.3020100.0000/注：苏州杰贤人员构成系发行人国内员工，其中丁忠于2019年4月离职。3、员工持股计划遵循“闭环原则”公司股权激励方案约定：在赛分科技上市或者被并购之前，有限合伙人可以选择全部或者部分转让本合伙企业股权份额，只能转让给普通合伙人（即黄学英），普通合伙人需要出资购买有限合伙人的份额。苏州贤达、苏州杰贤承诺，自发行人股票上市之日起36个月内，不转让或者委托他人管理直接和间接持有的发行人首次公开发行股票前已发行股份，也不由发行人回购该部分股份。（三）其他持有公司5%以上股份的主要股东情况截至本招股说明书签署日，公司除控股股东外，直接或间接持股比例超过5%的其他主要股东及其关联方情况如下：1、周金清周金清，男，生于1941年，中国国籍，无境外永久居留权，身份证号32042119411122****。截至本招股说明书签署日，周金清直接持有公司8.79%的股份。周金清现任江苏鸿联置业集团有限公司董事、上海元光投资有限公司执行董事、江苏鸿联建材有限公司监事、常州市葑岸电镀有限公司监事、常州市长江科技小额贷款股份有限公司监事主席等职务。周金清历任江苏新鸿联集团有限公司董事长、江苏鸿联置业集团有限公司董事长、常州红联纺织机械厂厂长、常州红联灯具厂厂长、鸿联灯饰有限公司董事长兼总经理、常州鸿成金属制品有限公司董事长、常州鸿艺彩色玻璃有限公司董事长、江苏康博达国际曲棍球事业发展有限公司董事长、鸿安灯饰有限公司副董事长、江苏武进农村商业银行股份有限公司董事等。2
STAR001,STAR001_688758_苏州赛分科技股份有限公司_招股说明书.pdf,74,执行事务合伙人,"苏州赛分科技股份有限公司首次公开发行股票并在科创板上市招股说明书1-1-73况如下：企业名称安徽同华高新技术中心（有限合伙）执行事务合伙人安徽同华投资管理中心（有限合伙）注册资本57,000万元人民币实缴资本57,000万元人民币企业类型有限合伙企业成立时间2015-03-25注册地址芜湖市弋江区高新技术开发区漳河路30号汇峰跨境电商产业园一楼主要经营地址上海浦东新区兰花路333世纪大厦15楼经营范围一般项目：技术服务、技术开发、技术咨询、技术交流、技术转让、技术推广（除许可业务外，可自主依法经营法律法规非禁止或限制的项目）主营业务与发行人业务的关系高新同华主营业务为股权投资，与发行人主营业务相互独立，不存在竞争关系。中国证券投资基金业协会备案未备案出资结构合伙人名称合伙人类别认缴金额（万元）持股比例（%）安徽同华投资管理中心（有限合伙）普通合伙人2,400.004.21陈灏元有限合伙人50,000.0087.72盛秀林有限合伙人1,550.002.72周兆渊有限合伙人1,400.002.46钱坤有限合伙人1,350.002.37郭玥有限合伙人300.000.53合计57,000.00100.00注：2024年2月，高新同华名称由安徽高新同华创业投资基金（有限合伙）变更为安徽同华高新技术中心（有限合伙）。陈灏元持有高新同华87.7193%份额，并"
STAR001,STAR001_688758_苏州赛分科技股份有限公司_招股说明书.pdf,75,执行事务合伙人,"民，男，生于1964年，中国国籍，美国永久居留权，身份证号32010219640913****。截至本招股说明书签署日，陆民直接持有公司8.08%股权。陆民现任深圳市摩派科技有限公司总经理。陆民取得南京东南大学自动化学士学位。4、国寿疌泉截至本招股说明书签署日，国寿疌泉直接持有公司7.85%的股份，其基本情况如下：企业名称江苏国寿疌泉股权投资中心（有限合伙）执行事务合伙人国寿（江苏）股权投资有限公司注册资本500,000万元人民币实缴资本334,492.5万元人民币企业类型有限合伙企业成立时间2019-12-27注册地址南京市建邺区梦都大街136号201室主要经营地址北京市朝阳区东三环中路5号财富金融中心67层西侧经营范围股权投资；实业投资；从事非证券股权投资；投资管理；资产管理。（依法须经批准的项目，经相关部门批准后方可开展经营活动）主营业务与发行人国寿疌泉主营业务为股权投资，与发行人主营业务相互独立，不存在"
STAR001,STAR001_688758_苏州赛分科技股份有限公司_招股说明书.pdf,76,私募基金,"苏州赛分科技股份有限公司首次公开发行股票并在科创板上市招股说明书1-1-75业务的关系竞争关系。中国证券投资基金业协会备案已备案，私募基金编号SJZ124出资结构合伙人名称合伙人类别认缴金额（万元）持股比例（%）国寿（江苏）股权投资有限公司普通合伙人5,000.001.00中国人寿保险股份有限公司有限合伙人300,000.0060.00江苏省政府投资基金（有限合伙）有限合伙人150,000.0030.00中国人寿财产保险股份有限公司有限合伙人45,000.009.00合计500,000.00100.00国寿疌泉的普通合伙人为国寿（江苏）股权投资有限公司，其基本信息如下：企业名称国寿（江苏）股权投资有限公司法定代表人刘阳注册资本5,000万元人民币实缴资本5,000万元人民币企业类型有限责任公司（法人独资）成立时间2019-11-12注册地址南京市建邺区庐山路168号9楼901-1室主要经营地址北京市朝阳区东三环中路5号财富金融中心67层西侧经营范围股权投资，从事股权投资管理及相关服务。（依法须经批准的项目，经相关部门批准后方可开展经营活动）主营业务与发行人业务的关系国寿（江苏）股权投资有限公司主营业务为投资管理，与发行人主营业务相互独立，不存在竞争关系。出资结构股东名称认缴金额（万元）持股比例（%）国寿成达（上海）健康医疗股权投资管理有限公司5,000"
STAR001,STAR001_688758_苏州赛分科技股份有限公司_招股说明书.pdf,77,普通合伙人,"九层经营范围从事非证券股权投资活动及相关咨询业务。（依法须经批准的项目，经相关部门批准后方可开展经营活动）主营业务与发行人业务的关系华泰大健康一号主营业务为股权投资，与发行人主营业务相互独立，不存在竞争关系。中国证券投资基金业协会备案已备案，证券公司直投基金产品编码S32514出资结构合伙人名称合伙人类别认缴金额（万元）持股比例（%）华泰紫金投资有限责任公司普通合伙人27,910.0019.12南京市创新投资集团有限责任公司有限合伙人20,000.0013.70江苏今世缘酒业股份有限公司有限合伙人20,000.0013.70江苏金财投资有限公司有限合伙人10,000.006.85江苏汇鸿创业投资有限公司有限合伙人10,000.006.85福建国耀投资有限公司有限合伙人7,000.004.80常州高新技术产业开发区常能电器有限公司有限合伙人6,000.004.11福建盼盼投资有限公司有限合伙人5,000.003.43江苏康缘药业股份有限公司有限合伙人5,000.003.43傅和亮有限合伙人3,000.002.06南京高科新创投资有限公司有限合伙人3,000.002.06高力控股集团有限公司有限合伙人3,000.002.06江苏省农垦投资管理有限公司有限合伙人3,000.002.06江苏苏美达资本控股有限公司有限合伙人3,000.002.06王耀方有限合伙人2,000.001.37严汉忠有限合伙人2,000.001.37商辉有限合伙人2,000.001.37镇江市一花一树生态农业有限公司有限合伙人2,000.001.37成都贝多安企业管理咨询合伙企业（有限合伙）有限合伙人2,000"
STAR001,STAR001_688758_苏州赛分科技股份有限公司_招股说明书.pdf,78,执行事务合伙人,"司有限合伙人1,000.000.69成都恒昊创新科技有限公司有限合伙人1,000.000.69南京华泰瑞兴投资基金管理合伙企业（有限合伙）有限合伙人40.000.03合计145,950.00100.00（2）华泰大健康二号截至本招股说明书签署日，华泰大健康二号直接持有公司0.38%的股份，其基本情况如下：企业名称南京华泰大健康二号股权投资合伙企业（有限合伙）执行事务合伙人华泰紫金投资有限责任公司注册资本10,000万元人民币实缴资本10,000万元人民币企业类型有限合伙企业成立时间2016-12-28注册地址南京市鼓楼区汉中门大街301号1501室主要经营地址南京市江东中路230号三号楼九层经营范围从事非证券股权投资活动及相关咨询业务。（依法须经批准的项目，经相关部门批准后方可开展经营活动）主营业务与发行人业务的关系华泰大健康二号主营业务为股权投资，与发行人主营业务相互独立，不存在竞争关系。中国证券投资基金业协会备案已备案，证券公司直投基金产品编码S32515出资结构合伙人名称合伙人类别认缴金额（万元）持股比例（%）华泰紫金投资有限责任公司普通合伙人1,990.0019.90四川省健康养老产业股权投资基金合伙企业（有限合伙）有限合伙人8,000.0080.00南京华泰瑞兴投资基金管理合伙企业（有限合伙）普通合伙人10.000.10合计10,000.00100.00（3）华泰紫金投资有限责任公司华泰紫金投资有限责任公司为华泰大健康一号和华泰大健康二号的普通合"
STAR001,STAR001_688758_苏州赛分科技股份有限公司_招股说明书.pdf,79,执行事务合伙人,XUWEIZHENGXU，男，生于1964年，美国国籍，美国护照号56187****。截至本招股说明书签署日，WEIZHENGXU通过苏州博达、海佳同康间接分别控制公司3.61%和1.49%股权，合计控制公司5.09%股权。（2）苏州博达截至本招股说明书签署日，苏州博达直接持有公司3.61%的股份，其基本情况如下：企业名称苏州博达投资咨询合伙企业（有限合伙）执行事务合伙人WEIZHENGXU注册资本883万元人民币实缴资本883万元人民币企业类型有限合伙企业成立时间2018-02-11注册地址苏州工业园区丰茂巷52号香茂花园9幢501室（非独立住宅）
STAR001,STAR001_688758_苏州赛分科技股份有限公司_招股说明书.pdf,80,执行事务合伙人,9.59CHONGYINGXU有限合伙人123.7514.01丁师伟有限合伙人120.0013.59程华莲有限合伙人83.009.40陈佑邦有限合伙人42.894.86张志娟有限合伙人4.610.52合计883.00100.00（3）海佳同康截至本招股说明书签署日，海佳同康直接持有公司1.49%的股份，其基本情况如下：企业名称苏州海佳同康技术管理咨询有限公司执行事务合伙人WEIZHENGXU注册资本3万美元实缴资本1万美元企业类型有限责任公司（外国自然人独资）成立时间2015-07-27注册地址吴江经济技术开发区长安路东侧（科技创业园）主要经营地址吴江经济技术开发区长安路东侧（科技创业园）经营范围从事生物医药和新型材料相关产品的研发、销售、技术咨询、技术管理、技术转让。（依法须经批准的项目，经相关部门批准后方可开展经营活动）一般项目：创业投资（除依法须经批准的项目外，凭营业执照依法自主开展经营活动）主营业务与发行人业务的关系海佳同康主营业务为生物医药、新材料领域创业投资，与发行人主营业务相互独立，不存在竞争关系。出资结构股东名称认缴金额（万美元）持股比例（%）WEIZHENGXU3.00100.00合计3.00100.00
STAR001,STAR001_688758_苏州赛分科技股份有限公司_招股说明书.pdf,82,前十名股东,"2,9090.077530张敏237,5210.0648237,5210.057031圣成投资111,5390.0304111,5390.026832圣祁投资17,8940.004917,8940.004333社会公众股--49,975,69012.0000合计366,488,394100.0000416,464,084100.0000（二）本次发行前后公司前十名股东情况本次发行前后公司前十名股东情况详见本招股说明书“第四节发行人基本情况”之“十、公司股本情况”之“（一）本次发行前后的股本结构”。（三）本次发行前后公司前十名自然人股东情况本次发行前后，公司前十名自然人股东的直接持股情况及其在公司担任职务情况如下："
STAR001,STAR001_688758_苏州赛分科技股份有限公司_招股说明书.pdf,83,普通合伙人,"部自然人股东涉及86,366股（占发行前股份0.02%）的股权代持解除情形，导致上述股权实际持有人发生变化外，公司无新增股东的情况。（六）本次发行前各股东间的关联关系本次发行前，公司各股东间的关联关系及关联股东的各自持股比例如下表所示：序号股东姓名/名称股份数量（股）持股比例（%）关联关系1黄学英92,364,17725.2025黄学英为苏州贤达、苏州杰贤的普通合伙人，持有苏州贤达17.39%的股份及苏州杰贤53.22%的股份。2苏州贤达15,427,2504.20953苏州杰贤7,990,2002.18024华泰大健康一号20,146,7015.4972华泰大健康一号、华泰大健"
STAR001,STAR001_688758_苏州赛分科技股份有限公司_招股说明书.pdf,84,私募基金,"别持有苏州博达28.03%股份、海佳同康100.00%股份。11海佳同康5,451,0001.487412珠海峦恒7,230,3491.9729珠海峦恒的实际控制人为张海燕、马翠芳和曹伟；高瓴祈睿的实际控制人为朱秀花、马翠芳和曹伟。13高瓴祈睿7,230,3491.972914国药中生5,311,2291.4492国药中生、国药二期执行事务合伙人均为上海健壹私募基金管理有限公司，上海健壹私募基金管理有限公司法定代表人、实际控制人为吴爱民。圣成投资、圣祁投资执行事务合伙人均为吴爱民。15国药二期1,789,6880.488316圣成投资111,5390.030417圣祁投资17,8940.0049注：2022年12月27日，南京道兴投资管理中心（普通合伙）更名为南京道兴创业投资管理中心（普通合伙）。（七）公司股东公开发售股份的情况公司本次发行不涉及老股发售。（八）特殊权利条款的内容及终止情况1、2021年11月签署的《股东协议》取代了历次融资签署的一切股东协议2021年11月22日，赛分科技现有全体股东签署了《股东协议》，第10.3条约定：“本协议构成各方有关本协议主题事项所达成的全部理解，并取代各方或其任何负责人、雇员或代表先前以书面或口头形式就相同事项所达成的所有意向书、协议、承诺、安排、沟通、声明及／或保证等（包括但不限于前轮融资协议以及公司方与各股东于本协议签署日之前签订的任何其他投资协议），且本协议（包括其修改协议或修正，以及其他交易文件）包含了各方就本协议项下事项（包括但不限于公司的股东权利义务）的唯一和全部协议。为避免疑义，各方确"
STAR001,STAR001_688758_苏州赛分科技股份有限公司_招股说明书.pdf,85,私募投资基金,并自始无效。”根据《股东协议》第10.3条和3.12条，股东的特殊权利以本《股东协议》为准，特殊权利自公司合格首次公开发行申报基准日起或其另行书面同意的更早时点起不可撤销地终止并自始无效。（九）金融产品纳入监管情况公司股东中国寿疌泉、复星惟盈、高瓴祈睿、国药中生、国药二期、夏尔巴二期、聚贝投资、苏州敦行属于私募基金，华泰大健康一号和华泰大健康二号属于证券公司私募投资基金，上述股东均已在中国证券投资基金业协会备案并纳入监管，具体情况如下：
STAR001,STAR001_688758_苏州赛分科技股份有限公司_招股说明书.pdf,86,私募基金,为华泰证券股份有限公司全资子公司，已在中国证券投资基金业协会备案，登记编号为PT2600011618。复星惟盈的基金管理人上海复星创富投资管理股份有限公司已在中国证券投资基金业协会备案，登记编号为P1000303。高瓴祈睿的基金管理人珠海高瓴股权投资管理有限公司已在中国证券投资基金业协会备案，登记编号为P1002820。国药中生和国药二期的基金管理人上海健壹私募基金管理有限公司已在中国证券投资基金业协会备案，登记编号为P1000641。夏尔巴二期的基金管理人珠海夏尔巴股权投资管理有限公司已在中国证券投资基金业协会备案，登记编号为P1068644。聚贝投资的基金管理人北京宏儒和愉投资管理有限公司已在中国证券投资基金业协会备案，登记编号为P1025162。苏州敦行的基金管理人苏州敦行投资管理有限公司已在中国证券投资基金业协会备案，登记编号为P1064670。
STAR001,STAR001_688758_苏州赛分科技股份有限公司_招股说明书.pdf,87,私募投资基金,招股说明书1-1-86发行人其他现有股东中，苏州贤达、苏州杰贤系发行人员工持股平台；苏州博达系WEIZHENGXU控制的投资人持股平台；海佳同康系WEIZHENGXU全资控制企业；甘李药业系生物医药企业；高新同华、源峰磐赛、珠海峦恒、骏耀投资、道兴投资、圣成投资、圣祁投资不存在以非公开方式向投资者募集资金的情形，其资产亦未委托基金管理人进行管理，也未担任任何私募投资基金的管理人，不属于《私募投资基金监督管理暂行办法》和《私募投资基金管理人登记和基金备案办法（试行）》规定的私募投资基金或私募基金管理人。十一、董事、监事、高级管理人员及核心技术人员的情况（一）董事会成员公司董事会由9名董事组成，其中独立董事3名。现任董事基本情况如下表：姓名在本公司职务任职期限提名人黄学英董事长、总经理2021.8.25-2024.8.25黄学英SUNSHAO-TANG董事2021.8.25-2024.8.25苏州贤达陈淼董事2021.8.25-2024.8.25华泰大健康一号聂迎庆董事2021.8.25-2024.8.25高新同华陈道金董事2021.8.25-2024.8.25国寿疌泉张敏董事2021.8.25-2024.8.25复星惟盈彭淑贞独立董事2021.8.25-2024.8.25黄学英梁永伟独立董事2021.8.25-2024.8.25黄学英徐锋独立董事2021.8.25-2024.8.25黄学英上述各位董事简历如下：黄学英博士，赛分科技董事长、总经理，中国国籍，美国永久居留权，南京大学本科、硕士，美国特拉华大学博士，斯坦福大学博士后。1999年至2005年间先后供职于美国戴安公司及美国
STAR001,STAR001_688758_苏州赛分科技股份有限公司_招股说明书.pdf,92,执行事务合伙人,产。核心技术人员的认定依据请详见本招股说明书“第五节业务与技术”之“六、公司核心技术与研发情况”之“（三）核心技术人员”部分相关内容。（五）董事、监事、高级管理人员及核心技术人员的兼职情况截至本招股说明书签署日，公司董事、监事、高级管理人员及核心技术人员在公司之外的单位兼职情况如下：姓名在公司职务兼职单位兼职职务兼职单位与公司关系黄学英董事长、总经理苏州杰贤执行事务合伙人发行人员工持股平台苏州贤达执行事务合伙人发行人员工持股平台陈淼董事华泰紫金投资有限责任公司董事公司关联自然人担任董事的企业，通过管理的华泰大健康一号和华泰大健康二号持有发行人合计5.88%股份南京华泰瑞通投资管理有限公司董事公司关联自然人担任董事的企业南京华泰瑞兴投资管理有限公司董事公司关联自然人担任董事的企业安达生物药物开发（深圳）有限公司董事公司关联自然人担任董事的企业南京道合投资管理中心（普通合伙）执行事务合伙人公司关联自然人控制的企业道兴投资执行事务合伙人公司关联自然人控制的企业，持有发行人0.38%股份南京道悦投资管理合伙企业（普通合执行事务合伙人公司关联自然人控制的企业
STAR001,STAR001_688758_苏州赛分科技股份有限公司_招股说明书.pdf,93,执行事务合伙人,苏州赛分科技股份有限公司首次公开发行股票并在科创板上市招股说明书1-1-92姓名在公司职务兼职单位兼职职务兼职单位与公司关系伙）南京道安企业管理中心（普通合伙）执行事务合伙人公司关联自然人控制的企业聂迎庆董事安徽同华投资管理中心（有限合伙）高级管理人员公司关联自然人任职的企业陈道金董事国寿股权投资有限公司投资总监公司关联自然人任职的企业北京赛赋医药研究院有限公司董事公司关联自然人担任董事的企业北京先通国际医药科技股份有限公司董事公司关联自然人担任董事的企业北京艺妙神州医药科技有限公司董事公司关联自然人担任董事的企业北京伟杰信生物科技有限公司董事公司关联自然人担任董事的企业江苏汉邦科技股份有限公司董事公司关联自然人担任董事的企业成都迈科康生物科技有限公司董事公司关联自然人担任董事的企业北京灵赋生物科技有限公司董事公司关联自然人担任董事的企业杭州依思康医药科技有限公司董事公司关联自然人担任董事的企业江苏关怀医疗科技（集团）有限公司董事公司关联自然人担任董事的企业江苏盈科生物制药有限公司董事公司关联自然人担任董事的企业江苏威凯尔医药科技股份有限公司董事公司关联自然人担任董事的企业梁永伟独立董事江苏正气浩然（上海）律师事务所主任兼高级合伙人公司关联自然人控制的企业徐锋独立董事上海艾力斯医药科技股份有限公司董事、副总经理公司关联自然人担任董事、高管的企业潘鼎监事会主席托普纺织（苏州）有限公司
STAR001,STAR001_688758_苏州赛分科技股份有限公司_招股说明书.pdf,300,普通合伙人,于美国赛分发展具有特殊贡献的人士。根据股权激励方案，在赛分科技上市或者并购之前，或者赛分科技上市后本合伙企业所持赛分科技股权依法符合上市公司限售股减持规定和IPO前的减持承诺的最后一期限售股权减持日期之前，原赛分科技员工的合伙人因劳动合同期满不再续签、主动辞职、被解除劳动合同或者其他原因与赛分公司解除劳动关系的，必须退伙，其持有的本合伙企业股权份额只能转让给普通合伙人。受让价格为股权成本价加上每年8%的单利，不及一年的，按比例折算。原为赛分公司员工的合伙人因伤病、退休脱离赛分公司的，其在本合伙企业的股权份额可以保留。赛分公司上市或者并购前，有限合伙人可以选择全部或者部分转让本合伙企业股权份额，只能转让给普通合伙人，价格为有限合伙人出资额加上每年8%的单利，不及一年的，按比例折算。2、股份支付的具体会计处理根据2021年5月财政部发布的《股份支付准则应用案例——以首次公开募股成功为可行权条件》中规定，公司员工须完成规定的服务期限方可从股权激励计划中获益，属于可行权条件中的服务期限条件。公司成功完成首次公开募股属于可行权条件中业绩条件的非市场条件。虽然在公司2017年度发布的员工股权激励方案中，未约定具体的服务期，但是在股权激励方案中对于员工退出的价格进行了明确约定，即在赛分股票上市解禁之后，员工才能获取其全部的收益。故该约定表明股权激励授予存在等待期，公司根据重估时点确定等待期，并在对应期间内进行分摊。此外，股权激励方案中未约定员工离职后，普通合伙人受让股份后需要再次授予其他激励对象，也无其他文件显示对再次授予其他激励对象有明确合理的时
STAR001,STAR001_688758_苏州赛分科技股份有限公司_招股说明书.pdf,301,普通合伙人,"苏州赛分科技股份有限公司首次公开发行股票并在科创板上市招股说明书1-1-300间安排，故普通合伙人按照股权激励协议从已离职的受激励员工处回购的股份，按照新的公允价值与成本之间的差异，一次性计入股份支付费用，离职员工原确认的股份支付费用冲回。3、股份支付的具体财务影响报告期内，公司股份支付的具体情况如下：单位：万元项目2024年1-6月2023年度2022年度2021年度以权益结算的股份支付计入资本公积的累计金额5,757.175,512.305,216.044,919.77本期以权益结算的股份支付确认的费用总额244.86296.27296.27409.372017年，被激励人员以6.15元/股的价格认购苏州杰贤、苏州贤达股份。2018年4月，公司进行A+轮融资，实际控制人黄学英以老股转让引入华泰大健康一号等投资者，价格为15元/股；2018年7月，以增资方式进行B轮融资，价格为25元/股，根据谨慎性原则，选用25元/股作为公允价格，计算股份支付，并以2026年12月作为上述股份的解禁时点，在此期间内进行摊销。2019年4月，丁忠从公司离职，黄学英以23.70万元的价格回购丁忠持有的21.5250万元的合伙份额。公司于回购时点冲回丁忠按照9年服务期、已于2018年确认为管理费用的7.33万元。黄学英考虑到丁忠在"
STAR001,STAR001_688758_苏州赛分科技股份有限公司_招股说明书.pdf,347,普通合伙人,"影响数33.38103.55-70.17-67.76%非经常性损益净额44.35514.76-470.41-91.38%减：归属于少数股东的非经常性损益净额-3.774.07-7.84不适用归属于公司普通股股东的非经常性损益净额48.13510.69-462.56-90.58%2024年1-9月，由于公司员工JIANXU离职，其所持有的苏州贤达合伙份额转让给普通合伙人黄学英，公司确认股份支付费用。2023年1-9月，公司收到上市专项基金300万元，导致当期政府补助金额较大。3、公司2024年业绩预计情况根据公司2024年1-9月经审阅的经营业绩，公司实现营业收入21,853.26万元，扣除非经常性损益后归属于母公司股东净利润5,400.66万元，已实现《盈利"
STAR001,STAR001_688758_苏州赛分科技股份有限公司_招股说明书.pdf,354,备案编号,"苏州赛分科技股份有限公司首次公开发行股票并在科创板上市招股说明书1-1-353第七节募集资金运用与未来发展规划一、募集资金运用概况（一）募集资金投资项目本次募集资金投资项目经公司第一届董事会2022年第二次会议、2022年第一次临时股东大会审议通过，具体如下：单位：万元序号项目名称项目实施单位募投项目投资总额募集资金拟投入金额项目备案编号项目环保批文号120万升/年生物医药分离纯化用辅料扬州赛分41,467.6833,423.41扬邗行审投资备﹝2022﹞126号扬环审批[2023]05-01号2研发中心建设项目赛分科技、赛分生科19,816.2219,499.25苏园行审境外投备﹝2022﹞第195号-3补充流动资金赛分科技27,077.3427,077.34--合计-88,361.2480,000.00--若本次股票发行后，实际募集资金数额（扣除发行费用后）大于上述投资项目的资金需求，超过部分将根据中国证监会及上海证券交易所的有关规定用于公司主营业务的发展。若本次股票发行后，实际募集资金小于上述投资项目的资金需求，不足部分公司将用自筹资金补足。如果本次募集资金到位前公司需要对上述投资项目进行先期投入，则公司将用自筹资金投入，待募集资金到位后以募集资金置换前期投入的自筹资金。（二）募集资金使用管理制度公司于2022年10月20日召开了2022年第一次临时股东大会，审议通过了《关于制定和修改应经股东大会审议的公司首次公开发行股票并在科创板上市后适用的相关制度的议案》（包括《募集资金管理制度》）。募集资金到位后，公司将在银行开设专门的募集资金管理账户，"
STAR001,STAR001_688758_苏州赛分科技股份有限公司_招股说明书.pdf,380,普通合伙人,）控股股东、实际控制人与公司之间不存在同业竞争公司主要从事研发和生产应用于生物大分子药物及小分子化学药物分析检测和分离纯化的色谱柱和色谱填料。截至本招股说明书签署之日，公司的控股股东、实际控制人为黄学英博士。公司控股股东、实际控制人控制的其他企业为苏州贤达和苏州杰贤，相关情况如下：序号企业名称股权结构主要从事业务情况1苏州贤达黄学英持股17.3873%并担任普通合伙人，其他有限合伙人合计持股82.6127%赛分科技员工持股平台2苏州杰贤黄学英持股53.2239%并担任普通合伙人，其他有限合伙人合计持股46.7761%赛分科技员工持股平台目前苏州贤达和苏州杰贤除持有发行人股权以外不存在其他实质性业务，与
STAR001,STAR001_688758_苏州赛分科技股份有限公司_招股说明书.pdf,382,执行事务合伙人,2025%的股份，通过苏州贤达、苏州杰贤间接控制本公司6.3897%的股份。（二）直接或间接持有发行人5%以上股份的，除前述第（一）项所列自然人之外的其他自然人序号姓名关联关系1周金清直接持有赛分科技8.7861%的股份2陆民直接持有赛分科技8.0769%的股份3徐炜政（WEIZHENGXU）通过海佳同康间接持有赛分科技1.4874%的股份；通过担任苏州博达执行事务合伙人，享有苏州博达所持赛分科技3.6067%的表决权，合计持有5.0941%的股份4陈灏元持有安徽同华高新技术中心（有限合伙）87.7193%份额，并通过安徽同华投资管理中心（有限合伙）间接持有安徽同华高新技术中心（有限合伙）2.9965%份额，间接持有发行人7.6857%股份。（三）发行人的董事、监事或高级管理人员序号姓名职务1黄学英董事长兼总经理2陈道金董事3张敏董事4SUNSHAO-TANG（孙召棠）董事5聂迎庆董事6陈淼董事7梁永伟独立董事8徐锋独立董事9彭淑贞独立董事
STAR001,STAR001_688758_苏州赛分科技股份有限公司_招股说明书.pdf,383,执行事务合伙人,企业名称关联关系1国寿疌泉国寿疌泉直接持有赛分科技7.8467%的股权2高新同华高新同华直接持有赛分科技8.4723%的股权3华泰大健康一号华泰大健康一号直接持有赛分科技5.4972%的股权、华泰大健康二号直接持有赛分科技0.3767%的股权、道兴投资直接持有赛分科技0.0881%的股权，合计持有赛分科技5.9620%的股权。华泰大健康一号、华泰大健康二号的执行事务合伙人均为华泰紫金，道兴投资系跟投平台，三者具有关联关系4华泰大健康二号5道兴投资6苏州贤达苏州贤达直接持有赛分科技4.2095%的股权、苏州杰贤直接持有赛分科技2.1802%的股权，合计持有赛分科技6.3897%的股权。苏州贤达与苏州杰贤均为黄学英控制的企业7苏州杰贤（六）由前述第（一）至（五）项所列关联法人或关联自然人直接或间接控制的，和由前述关联自然人（独立董事除外）担任董事、高级管理人员的除发行人、控股子公司及上述列明关联方外的其他法人或其他组织序号企业名称关联关系1苏州中徽纳米科技有限公司实际控制人黄学英投资的企业，主要股东徐炜政投资、任职的企业2苏州滋康医药有限公司主要股东徐炜政控制的企业3苏州康润医药有限公司主要股东徐炜政控制的企业
STAR001,STAR001_688758_苏州赛分科技股份有限公司_招股说明书.pdf,387,执行事务合伙人,业94安徽古井集团有限责任公司间接持股5%以上股东陈灏元关系密切的家庭成员任职的企业95旭密林绿色建筑科技有限公司间接持股5%以上股东陈灏元关系密切的家庭成员任职的企业96上海伯裴生物科技有限公司间接持股5%以上股东陈灏元关系密切的家庭成员任职的企业（七）间接持有上市公司5%以上股份的法人或其他组织序号企业名称关联关系1国寿（江苏）股权投资有限公司国寿疌泉的执行事务合伙人2安徽同华投资管理中心（有限合伙）高新同华的执行事务合伙人3华泰紫金投资有限责任公司华泰大健康一号、华泰大健康二号的执行事务合伙人（八）发行人的控股子公司、参股公司序号企业名称与发行人关系1扬州赛分赛分科技的全资子公司2赛分医疗赛分科技的全资子公司3美国赛分赛分科技控股子公司4赛分生科赛分科技的全资子公司5上海赛分美国赛分持股100%的企业，该企业已于2021年6月17日注销
STAR001,STAR001_688758_苏州赛分科技股份有限公司_招股说明书.pdf,390,执行事务合伙人,"苏州赛分科技股份有限公司首次公开发行股票并在科创板上市招股说明书1-1-389序号企业名称关联关系19上海道韩投资中心（有限合伙）南京道合投资管理中心（普通合伙）担任执行事务合伙人（董事陈淼曾间接控制的企业），该企业已于2020年12月注销20北京创腾科技有限公司董事陈淼自2023年1月不再任职21南京德邦金属装备工程股份有限公司董事陈淼自2023年2月不再任职22南京科络思生物科技有限公司董事陈淼自2023年5月不再任职23昂凯生命科技（苏州）有限公司董事陈淼自2023年5月不再任职24南京诺唯赞生物科技股份有限公司董事陈淼自2023年5月不再任职25南京海纳医药科技股份有限公司董事陈淼自2023年5月不再任职26苏州创腾软件有限公司董事陈淼自2023年6月不再任职27弈柯莱生物科技（上海）股份有限公司董事陈淼自2023年7月不再任职28广州玻思韬控释药业有限公司董事陈淼自2023年7月不再任职29南京南大药业有限责任公司董事陈淼自2023年10月不再任职30博生吉医药科技（苏州）有限公司董事陈淼自2023年12月不再任职31芜湖莫森泰克汽车科技股份有限公司董事聂迎庆自2024年2月不再任职32天津顺吉医疗信息咨询有限公司董事陈道金的配偶诸春云曾担任执行董事,经理的企业，该企业已于2020年9月注销33新城投资（苏州）有限公司监事潘鼎曾担任董事的企业，该企业已于2020年1月注销34繁"
STAR002,STAR002_688775_影石创新科技股份有限公司_招股说明书.pdf,28,执行事务合伙人,"务所其他承销机构高盛（中国）证券有限责任公司、中国国际金融股份有限公司审计机构容诚会计师事务所（特殊普通合伙）评估机构北京华亚正信资产评估有限公司发行人与本次发行有关的保荐人、承销机构、证券服务机构及其负责人、高级管理人员、经办人员之间存在的直接或间接的股权关系或其他利益关系截至本招股说明书签署日，保荐人、主承销商中信证券的全资子公司中证投资以及金石投资作为执行事务合伙人的金石智娱分别直接持有发行人9,112,616股、9,112,486股股份（对应发行前持股比例分别为2.5313%、2.5312%）。根据《上海证券交易所首次公开发行证券发行与承销业务实施细则》的要求，科创板试行保荐人相关子公司“跟投”制度，保荐人、主承销商中信证券安排全资子公司中证投资参与本次发行战略配售，获配1,269,303股股份。除上述情形外，发行人与本次发行有关的保荐人、承销机构、证券服务机构及其负责人、高级管理人员、经办人员之间均不存在直接或间接的股权关系或其他利益关系的情形。（三）本次发行其他有关机构股票登记机构中国证券登记结算有限责任公司上海分公司收款银行中信银行北京瑞城中心支行其他与本次发行有关的机构无三、本次发行概况（一）本次发行基本情况股票种类人民币普通股（A股）每股面值人民币1.00元"
STAR002,STAR002_688775_影石创新科技股份有限公司_招股说明书.pdf,66,新增股东,"影石创新科技股份有限公司招股说明书1-1-66287.0651万元，并据此修订公司章程。上述股权变动系原股东之间的股权转让行为，不属于最近一年新增股东的情形；本次股权转让未造成发行人实际控制人的变更，未对发行人的股权结构的稳定性和持续盈利能力造成不利影响。公司实际控制人刘靖康已出具股份锁定、持股及减持意向的承诺函，承诺其通过汇智同裕间接持有发行人的股份自发行人股票上市之日起36个月内，不转让或者委托他人管理其直接或间接持有的发行人首发前股份，也不由发行人回购该部分股份。本次股权转让情况如下：序号转让方名称受让股东名称转让股本（万元）转让金额（万元）1德朴投资汇智同裕287.06511,462.7126合计287.06511,462.71262023年3月24日，深圳市市场监督管理局核准了本次备案登记。本次变更后，公司的出资情况如下：序号股东名称股份数（万股）持股比例（%）1北京岚锋10,777.545329.93762EARNACE4,796.617913.32393QM1013,384.04139.40014香港迅雷3,143.75428.73275岚沣管理1,464.02374.06676华金同达1,436.70943.99097厦门富凯1,332.11163.70038澜烽管理1,171.21933.25349伊敦传媒976.49852.712510领誉基石"
STAR002,STAR002_688775_影石创新科技股份有限公司_招股说明书.pdf,77,执行事务合伙人,影石创新科技股份有限公司招股说明书1-1-77认缴出资额395.2401万元实缴出资额395.2401万元统一社会信用代码91440300MA5F6X0E7B注册地和主要经营地深圳市宝安区新安街道海旺社区兴业路1100号金利通金融中心大厦2栋1105执行事务合伙人深圳斓枫科技有限公司（注）主营业务员工持股平台注：深圳斓枫科技有限公司曾用名为岚锋投资咨询（深圳）有限公司，报告期内岚沣管理的执行事务合伙人未发生变更截至本招股说明书签署日，岚沣管理各合伙人的出资情况如下：序号合伙人姓名/名称任职情况合伙人类型出资比例（%）1深圳斓枫科技有限公司-普通合伙人0.00252刘靖康董事长、产品中心及技术中心负责人有限合伙人90.35043袁博离职前曾任硬件研发总监有限合伙人0.58834袁帅离职前曾任产品运营总监有限合伙人1.17655张伟俊机器学习三组负责人有限合伙人0.47066邓焜高级质量总监有限合伙人0.39217邱康华内审高级经理有限合伙人0.39218何红烨嵌入式算法部负责人有限合伙人0.39219苏坦计算摄影负责人有限合伙人0.392110谢亮FCP负责人有限合伙人0.392111李兆琪供应链总监有限合伙人0.392112张明智高级软件工程师有限合伙人0.392113厉扬董事会秘书、资深法务总监有限合伙人0.392114符峥AI项目经理有限合伙人0.392115许睿深度学习算法工程师有限合伙人0.392116那强剪辑技术组长有限合伙人0.392117林达浩安卓组长有限
STAR002,STAR002_688775_影石创新科技股份有限公司_招股说明书.pdf,78,执行事务合伙人,本招股说明书签署日，刘靖康对岚沣管理的出资比例由88.3504%变为90.3504%，原因是期间原岚沣管理合伙人叶心怡、吴昭霓、李皓宇、苏夏昉及徐思锦离职，樊一楠因个人原因主动提出出让其份额，袁博因离职出让其部分份额，刘靖康受让了上述七人持有的岚沣管理共计2.00%的份额注2：苏洋并非新增合伙人，其原名为苏健，在报告期内改名截至本招股说明书签署日，岚沣管理的执行事务合伙人深圳斓枫科技有限公司的股东构成及持股比例如下：序号股东姓名持股比例（%）1刘靖康100.00合计100.003、实际控制人及一致行动人的基本情况截至本招股说明书签署日，刘靖康通过持有北京岚锋、岚沣管理间接控制发行人29.9376%、4.0667%的股份，合计可支配公司34.0043%的表决权，通过北京岚锋、岚沣管理、澜烽管理、岚烽管理、厦门富凯、汇智同裕、深圳麦高
STAR002,STAR002_688775_影石创新科技股份有限公司_招股说明书.pdf,89,执行事务合伙人,"致行动人北京岚锋、岚沣管理持有的发行人股份不存在质押或其他权利争议的情况；实际控制人刘靖康持有的发行人股份不存在质押或其他权利争议的情况。（二）其他持有发行人5%以上股份的股东基本情况截至本招股说明书签署日，单独或合并持有公司5%以上股份的股东为：EARNACE、QM101、香港迅雷。此外，朗玛五号、朗玛六号、朗玛九号、朗玛十四号系朗玛峰创业投资有限公司作为执行事务合伙人的有限合伙企业，其分别持有发行人1.5013%、1.6682%、1.2648%、0.6250%的股份，合计持有公司5.0593%的股份。上述主要股东的基本情况如下：1、EARNACE公司名称EARNACELIMITED成立时间2016年2月1日股本1,994,432.49美元注册地香港皇后大道中99号中环中心55楼5505室董事HOChiSing、ZhouQuan主营业务及其与公司主营业务的关系股权投资，与公司主营业务不相关截至2024年12月31日，EARNACE的股东构成及持股比例如下：序号股东名称持股比例（%）1IDG100.00合计100.002、QM101公司名称QM101LIMITED成立时间2018年5月14日股本10,000.00港元注册地香港皇后大道中15号置地广场告罗士打大厦42楼4205-06室"
STAR002,STAR002_688775_影石创新科技股份有限公司_招股说明书.pdf,90,私募基金,"股比例如下：序号股东名称持股比例（%）1维尔京迅雷100.00合计100.004、朗玛五号企业名称朗玛五号（北京）私募创业投资基金合伙企业（有限合伙）成立时间2017年3月21日出资额6,489.00万元统一社会信用代码91440300MA5EEA7B72注册地北京市海淀区北四环西路58号18层1815执行事务合伙人朗玛峰创业投资有限公司经营范围一般项目:以私募基金从事股权投资、投资管理、资产管理等活动(须在中国证券投资基金业协会完成登记备案后方可从事经营活动);创业投资(限投资未上市企业)。(除依法须经批准的项目外,凭营业执照依法自主开展经营活动)(不得从事国家和本市产业政策禁止和限制类项目的经营活动。)注：朗玛五号曾用名为朗玛五号（深圳）创业投资中心（有限合伙），于2024年12月将名称变更为朗玛五号（北京）私募创业投资基金合伙企业（有限合伙）截至2024年12月31日，朗玛五号各合伙人的出资情况如下："
STAR002,STAR002_688775_影石创新科技股份有限公司_招股说明书.pdf,91,普通合伙人,影石创新科技股份有限公司招股说明书1-1-91序号合伙人姓名/名称合伙人类型出资比例（%）1朗玛峰创业投资有限公司普通合伙人1.54112赵雅齐有限合伙人6.16433宋宝库有限合伙人4.62324郝凤莉有限合伙人3.68325乔淑红有限合伙人3.54456丁双阳有限合伙人3.39047王乐宇有限合伙人3.08218赵玉华有限合伙人3.08219何广霞有限合伙人2.773910刘逸虹有限合伙人2.419511陈锡楠有限合伙人2.326012薛芃有限合伙人2.311613卢健有限合伙人2.311614角艳萍有限合伙人2.311615王锦有限合伙人2.157516曹爱兰有限合伙人2.034217张涛有限合伙人2.003418马素兰有限合伙人1.849319樊俊宏有限合伙人1.695220李杰有限合伙人1.695221张风荣有限合伙人1.695222彭彬有限合伙人1.695223范秋燕有限合伙人1.541124王琳有限合伙人1.541125周光源有限合伙人1.541126宋佳乐有限合伙人1.541127张国庆有限合伙人1.541128刘京有限合伙人1.541129王义杰有限合伙人1.541130李宝林有限合伙人1.541131刘超有限合伙人1.541132吕琪有限合伙人1.5411
STAR002,STAR002_688775_影石创新科技股份有限公司_招股说明书.pdf,92,私募投资基金,"有限合伙人1.541140杨桂伶有限合伙人1.541141黄山有限合伙人1.541142赵元城有限合伙人1.541143蒋明有限合伙人1.541144侯京芝有限合伙人1.541145郭华有限合伙人1.541146冯芳有限合伙人1.541147毕延钢有限合伙人1.541148徐春霞有限合伙人1.541149贺乃新有限合伙人1.5411合计100.00朗玛五号为私募投资基金，已于2019年1月16日完成私募基金备案，基金编号为SEX757。其管理人朗玛峰创业投资有限公司已于2017年9月13日完成私募基金管理人登记，登记编号为P1064801。5、朗玛六号企业名称朗玛六号（北京）私募创业投资基金合伙企业（有限合伙）成立时间2017年3月21日出资额7,302.00万元统一社会信用代码91440300MA5EEA7R8K注册地北京市海淀区北四环西路58号18层1816执行事务合伙人朗玛峰创业投资有限公司经营范围一般项目：以私募基金从事股权投资、投资管理、资产管理等活动（须在中国证券投资基金业协会完成登记备案后方可从事经营活动）；创业投资（限投资未上市企业）。（除依法须经批准的项目外，凭营业执照依法自主开展经营活动）（不得从事国家和本市产业政策禁止和限制类项目的经营活动。）"
STAR002,STAR002_688775_影石创新科技股份有限公司_招股说明书.pdf,93,普通合伙人,影石创新科技股份有限公司招股说明书1-1-93注：朗玛六号曾用名为朗玛六号（深圳）创业投资中心（有限合伙），于2024年12月将名称变更为朗玛六号（北京）私募创业投资基金合伙企业（有限合伙）截至2024年12月31日，朗玛六号各合伙人的出资情况如下：序号合伙人姓名/名称合伙人类型出资比例（%）1朗玛峰创业投资有限公司普通合伙人1.36952张冬梅有限合伙人13.69493王慧有限合伙人6.84744张宇有限合伙人4.10855刘润香有限合伙人2.73906何倬有限合伙人2.73907原宏斌有限合伙人2.73908宗铁城有限合伙人2.73909张晓丹有限合伙人2.259610高娟有限合伙人2.191211赵红京有限合伙人2.054112张倩有限合伙人2.054113杨宝华有限合伙人1.917314寇丽明有限合伙人1.807715王燕平有限合伙人1.780316张明英有限合伙人1.711917杨军有限合伙人1.643318齐济有限合伙人1.643319李凤兰有限合伙人1.506420赵建芬有限合伙人1.369521高雁有限合伙人1.369522赵岩峰有限合伙人1.369523汪文继有限合伙人1.369524仲慧有限合伙人1.369525张相荣有限合伙人1.369526赖成有限合伙人1.369527张蜀遥有限合伙人1.369528朱云霞有限合伙人1.369529孙淑贤有限合伙人1.369530张海波有限合伙人1.3695
STAR002,STAR002_688775_影石创新科技股份有限公司_招股说明书.pdf,94,私募投资基金,"杰有限合伙人1.369541杨莉有限合伙人1.369542李礼有限合伙人1.369543苏伟有限合伙人1.369544石慧有限合伙人1.369545马耀平有限合伙人1.369546葛京安有限合伙人1.369547张黎明有限合伙人1.369548王明华有限合伙人1.369549张劼有限合伙人1.369550刘沙沙有限合伙人1.3695合计100.00朗玛六号为私募投资基金，已于2019年1月16日完成私募基金备案，基金编号为SEW534。其管理人朗玛峰创业投资有限公司已于2017年9月13日完成私募基金管理人登记，登记编号为P1064801。6、朗玛九号企业名称朗玛九号（深圳）创业投资中心（有限合伙）成立时间2017年4月19日出资额6,831.00万元统一社会信用代码91440300MA5EG7DP2T注册地深圳市前海深港合作区桂湾五路128号前海深港基金小镇A10栋102执行事务合伙人朗玛峰创业投资有限公司"
STAR002,STAR002_688775_影石创新科技股份有限公司_招股说明书.pdf,95,普通合伙人,影石创新科技股份有限公司招股说明书1-1-95经营范围一般经营项目是：创业投资业务；创业投资咨询业务截至2024年12月31日，朗玛九号各合伙人的出资情况如下：序号合伙人姓名/名称合伙人类型出资比例（%）1朗玛峰创业投资有限公司普通合伙人1.46392李毅勇有限合伙人7.31963孙丽杰有限合伙人5.12374丁皎有限合伙人4.39175深圳汉尼康科技有限公司有限合伙人2.92786董赞有限合伙人2.92787张瀚有限合伙人2.92788刘小金有限合伙人2.92789陈抒云有限合伙人2.927810熊俊有限合伙人2.927811熊珍有限合伙人2.927812校园梦（北京）教育投资有限公司有限合伙人2.708213叶平有限合伙人2.488714李红梅有限合伙人2.342315王义敏有限合伙人2.342316周月林有限合伙人2.342317王义杰有限合伙人2.049518范坤芳有限合伙人1.990919李虹有限合伙人1.903120刘鹏辉有限合伙人1.756721石靖连有限合伙人1.610322孙立新有限合伙人1.610323冒海军有限合伙人1.463924李莉有限合伙人1.463925袁维娟有限合伙人1.463926谢莉莉有限合伙人1.463927闻大为有限合伙人1.463928杨小卫有限合伙人1.463929曹莉华有限合伙人1.463930段予龙有限合伙人1.4639
STAR002,STAR002_688775_影石创新科技股份有限公司_招股说明书.pdf,96,私募投资基金,"章义伍有限合伙人1.463939赖成有限合伙人1.463940邹虎有限合伙人1.463941庞进京有限合伙人1.463942王乔有限合伙人1.463943宋强有限合伙人1.463944陈蓉有限合伙人1.463945周顺有限合伙人1.463946周大慧有限合伙人1.463947刘耿荣有限合伙人1.463948杨浸有限合伙人1.4639合计100.00朗玛九号为私募投资基金，已于2019年1月16日完成私募基金备案，基金编号为SEU290。其管理人朗玛峰创业投资有限公司已于2017年9月13日完成私募基金管理人登记，登记编号为P1064801。7、朗玛十四号企业名称朗玛十四号（深圳）创业投资中心（有限合伙）成立时间2018年7月25日出资额7,559.00万元统一社会信用代码91440300MA5F8A3E49注册地深圳市前海深港合作区桂湾五路128执行事务合伙人朗玛峰创业投资有限公司经营范围一般经营项目是：创业投资业务；创业投资咨询业务；为创业企业提供创业管理服务业务；参与设立创业投资企业（依法须经批准的项目，经相关部门批准后方可开展经营活动）"
STAR002,STAR002_688775_影石创新科技股份有限公司_招股说明书.pdf,97,普通合伙人,影石创新科技股份有限公司招股说明书1-1-97截至2024年12月31日，朗玛十四号各合伙人的出资情况如下：序号合伙人姓名/名称合伙人类型出资比例（%）1朗玛峰创业投资有限公司普通合伙人1.32292李凡有限合伙人13.66583周继权有限合伙人10.31884高晓宏有限合伙人7.93765刘鹏辉有限合伙人4.76256付精华有限合伙人3.96887吴建军有限合伙人2.71208熊珍有限合伙人2.64599夏亮有限合伙人2.645910刘小金有限合伙人2.645911戚学红有限合伙人2.645912高文茹有限合伙人2.645913朱在英有限合伙人2.645914胡欣有限合伙人2.645915王石有限合伙人2.249016张新华有限合伙人1.984417王映华有限合伙人1.984418汪敏有限合伙人1.984419宋清虹有限合伙人1.984420苏璐瑶有限合伙人1.984421陈仲道有限合伙人1.984422赵旭明有限合伙人1.918223刘青云有限合伙人1.587524俞凌梅有限合伙人1.587525孙美艳有限合伙人1.534626王晓飞有限合伙人1.455227潘虹有限合伙人1.322928罗双艳有限合伙人1.322929郭佳有限合伙人1.322930霍志有限合伙人1.322931常力元有限合伙人1.3229
STAR002,STAR002_688775_影石创新科技股份有限公司_招股说明书.pdf,98,私募投资基金,"合伙人姓名/名称合伙人类型出资比例（%）32常瑞倩有限合伙人1.322933林振宇有限合伙人1.322934张恂有限合伙人1.322935王民秀有限合伙人1.322936金涛有限合伙人1.322937康蕊有限合伙人1.3229合计100.00注：朗玛十四号的有限合伙人存在变动，原因为该基金到期，前合伙人需到期清算，新合伙人承接了前合伙人的相应份额朗玛十四号为私募投资基金，已于2019年6月4日完成私募基金备案，基金编号为SGP966。其管理人朗玛峰创业投资有限公司已于2017年9月13日完成私募基金管理人登记，登记编号为P1064801。六、发行人特别表决权股份情况发行人不存在特别表决权股份或类似安排的情况。七、发行人协议控制架构情况发行人不存在协议控制架构。八、发行人控股股东、实际控制人报告期内刑事犯罪及重大违法行为情况报告期内，公司控股股东北京岚锋及其一致行动人岚沣管理、实际控制人刘靖康不存在贪污、贿赂、侵占财产、挪用财产或者破坏社会主义市场经济秩序的刑事犯罪，不存在欺诈发行、重大信息披露违法或者其他涉及国家安全、公共安全、生态安全、生产安全、公众健康安全等领域的重大违法行为。九、公司股本情况（一）本次发行前后的股本情况及本次发行情况本次发行前，公司的总股本为36,000.00万股，本次发行人民币普通股4,100.00万股，发行后公司股本总数为40,100.00万股，本次发行的股份占发行后总股本比例为10.22%。本次发行不涉及老股转让。本次发行前后，公司股本"
STAR002,STAR002_688775_影石创新科技股份有限公司_招股说明书.pdf,99,前十名股东,"4051145.83190.3637威明投资89.99680.250089.99680.2244山东龙兴（SS）70.32680.195470.32680.1754知盛投资63.63670.176863.63670.1587本次发行社会公众股份--4,100.0010.2244合计36,000.00100.0040,100.00100.00（二）本次发行前的前十名股东本次发行前，公司前十名股东持股情况如下："
STAR002,STAR002_688775_影石创新科技股份有限公司_招股说明书.pdf,100,新增股东,"本招股说明书签署日，本公司股东中有1名国有股东、3名外资股东，具体持股情况如下：序号股东名称股东类型股份数（万股）持股比例（%）1山东龙兴（SS）国有股东70.32680.19542EARNACE外资股东4,796.617913.32393QM101外资股东3,384.04139.40014香港迅雷外资股东3,143.75428.7327（五）申报前12个月新增股东情况截至本招股说明书签署日，发行人首次申报前12个月新增股东的持股数量及持股比例如下：序号股东名称股份数（万股）持股比例（%）1知盛投资63.63670.17682山东龙兴（SS）70.32680.19543德朴投资（注）--4华金创盈157.49730.4375"
STAR002,STAR002_688775_影石创新科技股份有限公司_招股说明书.pdf,101,执行事务合伙人,签署日，德朴投资已向汇智同裕转让其持有的所有发行人的股份，德朴投资不再持有发行人的股份1、新增股东基本情况上述新增股东的基本情况如下：（1）知盛投资企业名称深圳市知盛投资合伙企业（有限合伙）成立时间2019年8月12日出资额240.00万元统一社会信用代码91440300MA5FQRDX86注册地深圳市南山区蛇口街道渔一社区湾厦路72号蛇口公馆4栋23B17执行事务合伙人周伟纳经营范围一般经营项目是：投资兴办实业（不含限制项目）；信息咨询（不含限制项目）；经济信息咨询（不含限制项目）；贸易咨询；企业管理咨询（不含限制项目）；商务信息咨询；商业信息咨询截至2024年12月31日，知盛投资各合伙人的出资情况如下：序号合伙人姓名合伙人类型出资比例（%）1珠海睿泽创业投资基金（有限合伙）有限合伙人91.672周伟纳普通合伙人7.923刘一有限合伙人0.42合计100.00注：2023年6月9日，珠海睿泽创业投资基金（有限合伙）向知盛投资增资120.00万元，其出资比例由83.33%增加至91.67%周伟纳为知盛投资的执行事务合伙人。周伟纳的基本信息：中华人民共和国公民，男，1982年1月出生，身份证号码：440181198201******，住所为广东省深圳市南山区***。（2）山东龙兴公司名称山东龙兴塑膜科技股份有限公司成立时间2011年1月11日
STAR002,STAR002_688775_影石创新科技股份有限公司_招股说明书.pdf,103,私募基金,"002陈芳1.00合计100.00德朴投资的实际控制人为王蓉。（4）华金创盈企业名称珠海华金创盈三号股权投资基金合伙企业（有限合伙）成立时间2017年2月27日出资额800.00万元统一社会信用代码91440400MA4W8DJ626注册地珠海市横琴新区宝华路6号105室-26877（集中办公区）执行事务合伙人珠海华金领创基金管理有限公司经营范围一般项目：以私募基金从事股权投资、投资管理、资产管理等活动（须在中国证券投资基金业协会完成登记备案后方可从事经营活动）。（除依法须经批准的项目外，凭营业执照依法自主开展经营活动）截至2024年12月31日，华金创盈各合伙人的出资情况如下：序号合伙人姓名/名称合伙人类型出资比例（%）1珠海华金领创基金管理有限公司普通合伙人12.502珠海华金众盈二号股权投资基金合伙企业（有限合伙）有限合伙人75.003李业基有限合伙人12.50合计100.00截至2024年12月31日，华金创盈执行事务合伙人珠海华金领创基金管理有限公司的基本情况如下：公司名称珠海华金领创基金管理有限公司成立时间2016年3月28日法定代表人郭瑾注册资本10,000.00万元统一社会信用代码91440400MA4UN2EA31注册地珠海市横琴新区华金街58号34层3401-8营业范围一般项目：私募股权投资基金管理、创业投资基金管理服务"
STAR002,STAR002_688775_影石创新科技股份有限公司_招股说明书.pdf,104,私募基金,"华金创盈有限合伙人珠海华金众盈二号股权投资基金合伙企业（有限合伙）的基本情况如下：企业名称珠海华金众盈二号股权投资基金合伙企业（有限合伙）成立时间2018年2月8日出资额5,898.00万元统一社会信用代码91440400MA51BNQT2M注册地珠海市横琴新区宝华路6号105室-44479（集中办公区）执行事务合伙人珠海铧盈投资有限公司经营范围一般项目:以私募基金从事股权投资、投资管理、资产管理等活动（须在中国证券投资基金业协会完成登记备案后方可从事经营活动）。（除依法须经批准的项目外,凭营业执照依法自主开展经营活动）（依法须经批准的项目,经相关部门批准后方可开展经营活动）（5）朗玛十四号关于朗玛十四号的具体情况，参见本招股说明书“第四节公司基本情况”之“五、（二）其他持有发行人5%以上股份的股东基本情况”之“7、朗玛十四号”。朗玛十四号执行事务合伙人朗玛峰创业投资有限公司的基本情况如下：公司名称朗玛峰创业投资有限公司成立时间2016年5月5日法定代表人肖建聪注册资本5,000.00万元统一社会信用代码91440300MA5DC1MJ13注册地深圳市前海深港合作区桂湾五路128号前海深港基金小镇A10栋营业范围一般经营项目是:私募股权投资基金管理、创业投资基金管理服务（须在中国证券投资基金业协会完成登记备案后方可从事经营活动）。（除依法须经批准的项目外,凭营业执照依法自主开展经营活动）（6）威明投资企业名称宁波梅山保税港区威明投资管理合伙企业（有限合伙）成立时间2017年5月17日"
STAR002,STAR002_688775_影石创新科技股份有限公司_招股说明书.pdf,105,私募基金,"影石创新科技股份有限公司招股说明书1-1-105出资额8,281.285715万元统一社会信用代码91330206MA290YW80U注册地浙江省宁波市北仑区梅山七星路88号1幢401室A区E0801执行事务合伙人广东禾一泽成私募基金管理有限公司经营范围投资管理，实业投资，投资咨询（未经金融等监管部门批准不得从事吸收存款、融资担保、代客理财、向社会公众集（融）资等金融业务）注：2020年6月30日至今，威明投资的执行事务合伙人未发生变更，其执行事务合伙人（曾用名为“西藏达孜和聚厚德投资管理有限公司”）更名为广东禾一泽成私募基金管理有限公司截至2024年12月31日，威明投资各合伙人的出资情况如下：序号合伙人姓名/名称合伙人类型出资比例（%）1广东禾一泽成私募基金管理有限公司普通合伙人0.122于军有限合伙人35.083李泽刚有限合伙人35.084郭建芳有限合伙人6.045陈剑有限合伙人4.296邹序元有限合伙人3.067周泽宇有限合伙人2.468王哲有限合伙人2.469潘峰有限合伙人2.4410马天琳有限合伙人1.4711殷新颖有限合伙人1.3512杨小萍有限合伙人1.2313孙鹏有限合伙人1.2314范晓辉有限合伙人1.2315李伟有限合伙人1.2316宋周莺有限合伙人1.22合计100.00威明投资执行事务合伙人广东禾一泽成私募基金管理有限公司的基本情况如下：公司名称广东禾一泽成私募基金管理有限公司成立时间2015年7月8日法定代表人邹涛"
STAR002,STAR002_688775_影石创新科技股份有限公司_招股说明书.pdf,106,新增股东,"说明书1-1-106注册资本1,000.00万元统一社会信用代码91540126321364788Q注册地佛山市南海区桂城街道桂澜北路6号千灯湖创投小镇核心区三座404-405经营范围一般项目:私募股权投资基金管理、创业投资基金管理服务（须在中国证券投资基金业协会完成登记备案后方可从事经营活动）。（除依法须经批准的项目外,凭营业执照依法自主开展经营活动）2、新增股东的入股情况、入股原因、入股价格及定价依据2019年10月31日，深圳岚锋召开董事会并形成决议，同意岚烽管理以2,950.1036万元的对价向领誉基石、知盛投资转让注册资本179.1978万元；CYZone以574.6517万元的对价向利得鑫投、山东龙兴转让注册资本34.9060万元；QM101以3,747.9552万元的对价向利得鑫投、德朴投资、华金创盈、朗玛十四号、威明投资转让注册资本227.6616万元；苏宁润东以5,365.8204万元的对价向中证投资、金石智娱、伊敦传媒、天正投资、德朴投资转让注册资本325.9354万元，并据此修订公司章程。本次股权转让情况如下：序号转让方名称受让股东名称注册资本（万元）转让额（万元）1岚烽管理领誉基石162.01792,667.2738知盛投资17.1799282.8298合计179.19782,950.10362CYZone利得鑫投15.9200262.0883山东龙兴（SS）18.9860312.5634合计34.9060574.65173QM101利得鑫投32.6743537.9116德朴投资67.42951,110.0807华金创盈42.5193699.9882朗玛"
STAR002,STAR002_688775_影石创新科技股份有限公司_招股说明书.pdf,108,新增股东,"影石创新科技股份有限公司招股说明书1-1-108序号股东名称出资额（万元）持股比例（%）24岚烽管理39.37000.405125威明投资24.29630.250026山东龙兴（SS）18.98600.195427知盛投资17.17990.1768合计9,718.8612100.00本次股权转让系因股权转让方的自身资金需求及新增股东对于公司所处行业发展前景以及公司后续发展潜力的看好，同时，公司可通过引入新的投资人促进自身进一步完善法人治理结构。本次股权转让的价格为16.46元/注册资本，系参照公司最近一期增资价格20.58元/注册资本的一定折扣，并经各方协商后确定，符合市场惯例且具有合理性。3、新增股东与发行人其他股东、董事、监事、高级管理人员之间的关联关系除已在本招股说明书“第四节公司基本情况”之“九、（六）本次发行前各股东间的关联关系及关联股东的各自持股比例”披露的关联关系外，本次股权转让新增股东与公司其他股东、董事、监事、高级管理人员不存在关联关系。4、新增股东与本次发行的中介机构及其负责人、高级管理人员、经办人员之间的关联关系本次股权转让新增股东与本次发行的中介机构及其负责人、高级管理人员、经办人员不存在关联关系。5、新增股东是否存在股份代持情形本次股权转让新增股东不存在股份代持情形。（六）本次发行前各股东间的关联关系及关联股东的各自持股比例截至2024年12月31日，公司股东间的关联关系情况如下：序号关联方名称持股比例（%）关联关系1北京岚锋29.9376北京岚锋、岚沣管理为实际控制人刘靖康直接控制的企业，属于一致行动岚沣管理4.06"
STAR002,STAR002_688775_影石创新科技股份有限公司_招股说明书.pdf,109,私募投资基金,53124朗玛五号1.5013朗玛五号、朗玛六号、朗玛九号、朗玛十四号的执行事务合伙人为朗玛峰创业投资有限公司，受同一主体控制，属于一致行动人朗玛六号1.6682朗玛九号1.2648朗玛十四号0.6250除上述关联关系外，本次发行前股东间不存在其他关联关系。（七）本次发行公司股东公开发售股份情况本次发行不涉及原有股东的公开发售股份。（八）本次发行前公司股东中私募投资基金等金融产品备案情况截至2024年12月31日，本次发行前公司股东中私募投资基金备案情况如下：序号股东名称备案编号备案时间基金管理人1华金同达SCU0602018年5月18日珠海铧盈投资有限公司2厦门富凯S683632015年8月7日厦门富凯海创投资管理有限公司3伊敦传媒SS75122017年6月2日深圳市招商金台资本管理有限责任公司4领誉基石SW24642017年7月17日深圳市领信基石股权投资基金管理合伙企业（有限合伙）5芜湖旷沄SEZ0812019年3月27日珠海佑柏私募基金管理有限公司6朗玛六号SEW5342019年1月16日朗玛峰创业投资有限公司7朗玛五号SEX7572019年1月16日朗玛峰创业投资有限公司8朗玛九号SEU2902019年1月16日朗玛峰创业投资有限公司
STAR002,STAR002_688775_影石创新科技股份有限公司_招股说明书.pdf,110,私募投资基金,招股说明书1-1-110序号股东名称备案编号备案时间基金管理人9朗玛十四号SGP9662019年6月4日朗玛峰创业投资有限公司10利得鑫投SCM7672018年3月8日寿光市金投股权投资基金管理有限公司11华金创盈SET0272018年11月21日珠海华金领创基金管理有限公司12威明投资SEF0932018年10月25日广东禾一泽成私募基金管理有限公司除上述私募投资基金股东外，公司股东中金石智娱为证券公司私募投资基金（产品编码：S32436），管理机构为中信金石投资有限公司，托管人为中信证券股份有限公司。除上述已备案基金、公司境外股东及发行人员工持股平台股东外，公司其他股东均已出具《关于不属于私募投资基金等事项的说明》，确认不存在以公开或非公开方式向他人募集资金的情形，不存在委托基金管理人管理资产的情形，亦不存在发起设立基金、受托管理基金产品的情形，不属于《私募投资基金监督管理暂行办法》《私募投资基金登记备案办法》等法律法规规定的私募投资基金或基金管理人，无须履行登记备案手续。综上，公司共26名股东，其中13名股东已办理基金备案（其中12名股东为私募投资基金，1名股东为证券公司私募投资基金），其余13名股东均不属于私募投资基金等金融产品，无须办理私募基金备案。十、董事、监事、高级管理人员及核心技术人员概况（一）董事会成员截至本招股说明书签署日，公司董事会由9名董事组成，其中独立董事3名。姓名本公司职务任职期限提名人刘靖康董事长、核心技术人员2020.01-2026.01北京岚锋刘亮董事、总经理2020.01-2026.01贾顺董事、核心技术人员2020.01-2026.01陈永
STAR002,STAR002_688775_影石创新科技股份有限公司_招股说明书.pdf,118,执行事务合伙人,包含了公司技术负责人、研发项目负责人、研发部门主要人员，认定依据符合公司的实际情况。（五）公司董事、监事、高级管理人员、核心技术人员的兼职情况截至2024年12月31日，公司董事、监事、高级管理人员及核心技术人员在其他单位的兼职情况如下：序号姓名公司职务任职的其他单位其他单位职务兼职单位与本公司关系1刘靖康董事长、核心技术人员北京岚锋执行董事控股股东岚沣管理执行事务合伙人委派代表公司股东（员工持股平台之一）深圳斓枫科技有限公司执行董事、经理岚沣管理的执行事务合伙人中山影石执行董事、经理子公司珠海影石执行董事、经理子公司日本影石董事子公司美国影石董事子公司一二网络执行董事、总经理实际控制人控制的其他企业上海影石执行董事、总经理子公司澜烽一号执行事务合伙人公司员工持股平台2刘亮董事、总经理中山影石监事子公司珠海影石监事子公司香港影石董事子公司德国影石董事子公司香港影石科技董事子公司荷兰岚锋科技董事子公司美国影石科技董事、CEO、CFO、公司秘书子公司3贾顺董事、核心技术人员顺势电子执行董事、经理子公司前海影石执行董事、经理子公司4陈永强董事深圳斓枫科技有限公司监事岚沣管理的执行事务合伙人
STAR002,STAR002_688775_影石创新科技股份有限公司_招股说明书.pdf,121,私募基金,限合伙）执行事务合伙人委派代表公司独立董事担任执行事务合伙人委派代表的企业上海自友松鼠投资中心（有限合伙）执行事务合伙人委派代表公司独立董事担任执行事务合伙人委派代表的企业光合新知（北京）科技有限公司董事公司独立董事担任董事的企业信良记食品科技（北京）有限公司董事公司独立董事担任董事的企业哔哩哔哩股份有限公司独立董事公司独立董事担任独立董事的企业北京峰瑞正嘉私募基金管理有限公司执行董事公司独立董事担任执行董事的企业上海达达文化传播有限公司董事公司独立董事担任董事的企业上海肇观电子科技有限公司董事公司独立董事担任董事的企业久奈（天津）健康用品有限公司副董事长公司独立董事担任副董事长的企业深圳众库网络信息技术有限公司董事公司独立董事担任董事的企业上海短酷科技有限公司董事公司独立董事担任董事的企业上海均梦网络科技有限公司董事公司独立董事担任董事的企业武汉两点十分文化传播有限公司董事公司独立董事担任董事的企业南京峰瑞启航德见科创投资合伙企业（有限合伙）执行事务合伙人委派代表公司独立董事担任执行事务合伙人委派代表的企业北京声智科技有限公司董事公司独立董事担任董事的企业
STAR002,STAR002_688775_影石创新科技股份有限公司_招股说明书.pdf,122,执行事务合伙人,影石创新科技股份有限公司招股说明书1-1-122序号姓名公司职务任职的其他单位其他单位职务兼职单位与本公司关系成都峰睿天投创业投资中心（有限合伙）执行事务合伙人委派代表公司独立董事担任执行事务合伙人委派代表的企业昆山峰瑞股权投资中心（有限合伙）执行事务合伙人委派代表公司独立董事担任执行事务合伙人委派代表的企业泉州市峰睿股权投资合伙企业（有限合伙）执行事务合伙人委派代表公司独立董事担任执行事务合伙人委派代表的企业泉州市峰瑞投资管理有限公司执行董事兼总经理公司独立董事担任执行董事兼总经理的企业共青城峰瑞投资合伙企业（有限合伙）执行事务合伙人委派代表公司独立董事担任执行事务合伙人委派代表的企业上海创予创业投资有限公司董事长公司独立董事担任董事长的企业南京峰瑞股权投资管理中心（有限合伙）执行事务合伙人委派代表公司独立董事担任执行事务合伙人委派代表的企业北京炎明生物科技有限公司董事公司独立董事担任董事的企业杭州米谟科技有限公司董事公司独立董事担任董事的企业深圳市瞳学科技有限公司董事公司独立董事担任董事的企业深圳市米澜生物科技有限公司董事公司独立董事担任董事的企业深圳有哈科技有限公司董事公司独立董事担任董事的企业合肥万物可爱健康食品有限公司董事公司独立董事担任董事的企业昆山峰越智远企业管理咨询合伙企业（有限合伙）执行事务合伙人委派代表公司独立董事担任执行事务合伙人委派代表的企业昆
STAR002,STAR002_688775_影石创新科技股份有限公司_招股说明书.pdf,123,执行事务合伙人,影石创新科技股份有限公司招股说明书1-1-123序号姓名公司职务任职的其他单位其他单位职务兼职单位与本公司关系玛士撒拉（上海）生物科技有限公司董事公司独立董事担任执行董事的企业苏州峰瑞睿佳创业投资中心（有限合伙）执行事务合伙人委派代表公司独立董事担任执行事务合伙人委派代表的企业昆山峰睿淀山湖投资管理中心（有限合伙）执行事务合伙人委派代表公司独立董事担任执行事务合伙人委派代表的企业上海峰瑞睿佳投资中心（有限合伙）执行事务合伙人委派代表公司独立董事担任执行事务合伙人委派代表的企业南京峰瑞创越投资合伙企业（有限合伙）执行事务合伙人委派代表公司独立董事担任执行事务合伙人委派代表的企业北京昆睿美诺管理咨询服务合伙企业（有限合伙）执行事务合伙人委派代表公司独立董事担任执行事务合伙人委派代表的企业上海优银睿河管理咨询合伙企业（有限合伙）执行事务合伙人委派代表公司独立董事担任执行事务合伙人委派代表的企业苏州峰瑞越佳投资合伙企业（有限合伙）执行事务合伙人委派代表公司独立董事担任执行事务合伙人委派代表的企业上海睿优璟晟管理咨询合伙企业（有限合伙）执行事务合伙人委派代表公司独立董事担任执行事务合伙人委派代表的企业深圳逐际动力科技有限公司董事公司独立董事担任董事的企业厦门国际信托有限公司独立董事公司独立董事担任独立董事的企业北京源络科技有限公司董事公司独立董事担任董事的企业上海后狸企业管理中心（有限合伙）执行事务合伙人委派代表公司独立董事担任执行事务合伙人
STAR002,STAR002_688775_影石创新科技股份有限公司_招股说明书.pdf,124,执行事务合伙人,影石创新科技股份有限公司招股说明书1-1-124序号姓名公司职务任职的其他单位其他单位职务兼职单位与本公司关系北京睿佳泉悦管理咨询服务合伙企业（有限合伙）执行事务合伙人委派代表公司独立董事担任执行事务合伙人委派代表的企业8郑滔独立董事南京大学教授-南京致知恒网络信息技术有限公司监事公司独立董事担任监事的企业江苏码客信息科技有限公司执行董事兼总经理公司独立董事担任执行董事兼总经理的企业南京一芯科技有限公司监事公司独立董事担任监事的企业好来门计算机软件（北京）有限公司南京办事处负责人公司独立董事担任负责人的企业9宋小宁独立董事中山大学教授-广州鹏辉能源科技股份有限公司独立董事公司独立董事担任独立董事的企业广州高澜节能技术股份有限公司独立董事公司独立董事担任独立董事的企业10姜文杰监事会主席、核心技术人员前海影石监事子公司一路高飞监事子公司上海影石监事子公司广州影石执行董事、经理子公司珠海影翎执行董事、经理子公司11张丽监事中证投资执行总经理股东12黄蔚财务负责人岚烽管理执行事务合伙人公司股东（员工持股平台之一）深圳影石监事子公司珠海影翎财务负责人子公司13厉扬董事会秘书深圳影石执行董事、总经理子公司截至2024年12月31日，公司董事、监事、高级管理人员、核心技术人员除上述表格中披露的兼职关系外，无在其他单位任职的情形。
STAR002,STAR002_688775_影石创新科技股份有限公司_招股说明书.pdf,132,执行事务合伙人,股股东及一致行动人、实际控制人的基本情况”之“2、控股股东一致行动人的基本情况”。3、岚烽管理企业名称岚烽管理咨询（深圳）合伙企业（有限合伙）成立时间2018年3月9日认缴出资额39.37万元实缴出资额39.37万元统一社会信用代码91440300MA5F12UF4J注册地和主要经营地深圳市宝安区新安街道海旺社区兴业路1100号金利通金融中心大厦2栋1107执行事务合伙人黄蔚主营业务员工持股平台截至本招股说明书签署日，岚烽管理各合伙人的出资情况如下：序号合伙人姓名任职情况合伙人类型出资比例（%）1黄蔚财务负责人普通合伙人23.62212MICHAELDANIELSHABUN北美市场总监有限合伙人11.81103高瑞东相机工程负责人有限合伙人11.81104苏文资深工业设计师有限合伙人9.44895叶展军高级硬件研发工程师有限合伙人7.87406刘靖康董事长、产品中心及技术中心负责人有限合伙人3.93707张海瑶高级市场经理有限合伙人3.93708魏天邑离职前曾任创意策划经理有限合伙人3.93709王邦晖区域销售总监有限合伙人3.937010谢朝毅资深感知算法工程师有限合伙人3.937011蔡锦霖研究院高级项目经理有限合伙人3.9370
STAR002,STAR002_688775_影石创新科技股份有限公司_招股说明书.pdf,133,执行事务合伙人,理合伙人何嘉宇离职，刘靖康受让了其持有的岚烽管理的3.9370%的份额4、澜烽管理企业名称澜烽管理咨询（深圳）合伙企业（有限合伙）成立时间2018年7月2日认缴出资额316.1921万元实缴出资额316.1921万元统一社会信用代码91440300MA5F75052W注册地和主要经营地深圳市宝安区新安街道海旺社区兴业路1100号金利通金融中心大厦2栋1106执行事务合伙人段优国主营业务员工持股平台截至本招股说明书签署日，澜烽管理各合伙人的出资情况如下：序号合伙人姓名/名称任职情况合伙人类型出资比例（%）1段优国销售副总裁普通合伙人5.88252澜烽一号-有限合伙人6.53623肖龙报研究院工程总监有限合伙人5.14524张圭狄品牌总监有限合伙人4.90215齐志宇产品经理有限合伙人4.41196MACKINNONELIASMCKAY全球公关总监有限合伙人3.92177RICHTERMAXIMILIANHARDY海外市场副总裁有限合伙人3.92178季乐凯产品线负责人、资深产品经理有限合伙人2.94139郭灼离职前任资深产品经理有限合伙人2.941310彭文学移动开发经理有限合伙人2.777511朱力FCP工程总监有限合伙人2.745212郑俊iOS系统主管有限合伙人2.5491
STAR002,STAR002_688775_影石创新科技股份有限公司_招股说明书.pdf,134,有限合伙人,影石创新科技股份有限公司招股说明书1-1-134序号合伙人姓名/名称任职情况合伙人类型出资比例（%）13谭常清嵌入式经理有限合伙人2.549114瞿锦泰离职前曾任嵌入式软件主管有限合伙人2.549115何高远离职前曾任高级产品经理有限合伙人2.451116彭莎离职前曾任人力资源总监有限合伙人1.960817姜鹏基硬件经理有限合伙人1.960818司振廷职工代表监事、产品线负责人、广告投放、BIT及CMI负责人有限合伙人1.960819李建新结构设计经理有限合伙人1.960820曹宇钦北美市场运营总监有限合伙人1.960821谢亮FCP负责人有限合伙人1.960822陈聪离职前任高级视觉算法工程师有限合伙人1.960823厉扬董事会秘书、资深法务总监有限合伙人1.960824袁跃产品线负责人、市场总监有限合伙人1.960825余荣春供应链总监有限合伙人1.960826杨林品质经理有限合伙人1.764827付迪高级采购经理有限合伙人1.715728张爽人力资源经理有限合伙人1.568729刘靖康董事长、产品中心及技术中心负责人有限合伙人1.470630丁明应用软件经理有限合伙人1.470631李岸鸿离职前曾任高级市场经理有限合伙人1.470632刘心韵离职前曾任高级市场经理有限合伙人1.470633范建聪高级嵌入式软件工程师有限合伙人1.4706
STAR002,STAR002_688775_影石创新科技股份有限公司_招股说明书.pdf,135,执行事务合伙人,莉离职，刘靖康受让了上述三人持有的澜烽管理共计1.4706%的份额5、澜烽一号企业名称澜烽一号投资咨询（深圳）合伙企业（有限合伙）成立时间2019年12月26日认缴出资额20.6660万元实缴出资额20.6660万元统一社会信用代码91440300MA5G11Y80B注册地和主要经营地深圳市宝安区新安街道海旺社区兴业路1100号金利通金融中心大厦2栋1104执行事务合伙人刘靖康主营业务员工持股平台截至本招股说明书签署日，澜烽一号各合伙人的出资情况如下：序号合伙人姓名任职情况合伙人类型出资比例（%）1刘靖康董事长、产品中心及技术中心负责人普通合伙人39.24822袁博离职前曾任硬件研发总监有限合伙人3.75013谭坤图像效果部负责人有限合伙人7.50024何可辉高级结构工程师有限合伙人7.5002
STAR002,STAR002_688775_影石创新科技股份有限公司_招股说明书.pdf,136,执行事务合伙人,队的持股平台，按照控股股东要求锁定36个月，未对限售期、离职限制等进行约定。岚沣管理、岚烽管理、澜烽管理和澜烽一号为后期加入员工的持股平台，约定均锁定36个月，限售期、离职限制具体约定如下：序号对应持股平台限售期离职限制条款1澜烽管理锁定期内，激励对象受让的持股平台财产份额应予锁定，激励对象不得转让、赠与、质押或以其他形式处分持股平台的财产份额，但经持股平台执行事务合伙人书面同意的除外激励对象在与任职单位约定的服务期限未满情况下自己主动申请辞职的，自乙方主动申请辞职之日起三十个工作日内，执行事务合伙人或其指定第三方均有权以乙方实际支付的原始出资额扣除乙方已分得的全部利润回购价格回购乙方持有持股平台出资份额；在公司首次公开发2澜烽一号3岚烽管理4岚沣管理
STAR002,STAR002_688775_影石创新科技股份有限公司_招股说明书.pdf,385,备案编号,的发展和规模的扩张，公司拟通过引进先进研发设备以及优秀研发人才，扩充和提升公司研发团队，进一步提高公司的研发能力和自主创新能力，对行业相关技术课题进行前瞻性技术研发，在保证公司行业技术先进性的同时不断扩充和完善公司产品结构，巩固并强化公司行业地位和市场份额。2、项目备案程序的履行情况影石创新深圳研发中心建设项目已履行备案手续，已取得深圳市社会投资项目备案证，备案编号为深自贸备案（2020）0047号。3、项目环境保护情况本项目为研发中心建设，不涉及生产环节，不会产生工业废水、废气、废渣与噪声等污染物。根据《中华人民共和国环境评价影响法》和《建设项目环境影响评价分类管理名录》的规定，不属于建设项目环境影响评价审批范围，无需办理环境影响评价相关手续。募集资金投资项目的具体情况参见本招股说明书“附件八募集资金投资项目的具体情况”。三、募集资金运用对公司的主要财务指标的影响由于本次发行的募集资金到位后，项目需要一定的建设周期，短期内难以全部产生效益，导致公司的每股收益、净资产收益率等财务指标在短期内会出现大幅下降，资产负债率下降及固定资产折旧增加等情况。但随着募集资金项目建成达产并产生效益，公司利润预期将逐渐增长，相关指标将逐步回归到平稳水平。1、对每股收益、净资产收益率的影响募集资金投资项目短期内难以完全实现预期效益，加之募集资金到位后公司的股本和净资产增加，短期内可能将会导致公司每股收益和净资产收益率被摊薄。2、对净资产和每股净资产的影响本次发行募集资金到位后，公司的净资产和全面摊薄的每股净资产将大幅
STAR002,STAR002_688775_影石创新科技股份有限公司_招股说明书.pdf,400,执行事务合伙人,影石创新科技股份有限公司招股说明书1-1-400序号关联方名称关联关系1北京岚锋持有公司29.9376%股份2EARNACE持有公司13.3239%股份3QM101持有公司9.4001%股份4香港迅雷持有公司8.7327%股份5朗玛五号、朗玛六号、朗玛九号、朗玛十四号朗玛五号、朗玛六号、朗玛九号、朗玛十四号系朗玛峰创业投资有限公司作为执行事务合伙人的有限合伙企业，其分别持有公司1.5013%、1.6682%、1.2648%、0.6250%的股份，合计持有公司5.0593%的股份6、直接或间接控制上市公司的法人或其他组织的董事、监事、高级管理人员或其他主要负责人直接或间接控制上市公司的法人为北京岚锋，岚沣管理系北京岚锋的一致行动人，上述企业的董事、监事、高级管理人员或其他主要负责人情况如下：序号关联方名称关联关系1刘靖康公司控股股东北京岚锋的执行董事，公司控股股东的一致行动人岚沣管理的执行事务合伙人委派代表2郭奕滨公司控股股东北京岚锋的监事3潘瑶公司控股股东北京岚锋的经理7、上述第1项至第6项所列关联法人或关联自然人直接或者间接控制的，或者由前述关联自然人（独立董事除外）担任董事、高级管理人员的法人或其他组织，但上市公司及其控股子公司除外（1）控股股东及其一致行动人控制的其他企业无。（2）实际控制人控制或担任董事、高级管理人员的其他企业除控股股东及其一致行动人外，实际控制人控制或担任董事、高级管理人员的其他企业如下：序号关联方名称关联关系1深圳斓枫科技有限公司公司实际控制人刘靖康持有其100.00%的股权，并担任其执行董事、经理2一二网络公司实际控制人刘靖
STAR002,STAR002_688775_影石创新科技股份有限公司_招股说明书.pdf,401,执行事务合伙人,影石创新科技股份有限公司招股说明书1-1-401序号关联方名称关联关系合伙）4澜烽一号投资咨询（深圳）合伙企业（有限合伙）公司实际控制人刘靖康持有其39.2482%的份额，并担任其执行事务合伙人（3）直接持有公司5%以上股份的法人或其他组织控制的法人或其他组织（除公司及其控股子公司以外）序号关联方名称关联关系1迅雷计算机（深圳）有限公司香港迅雷持有其100.00%的股权2SMARTCHAINGROWTHPTE.LTD.香港迅雷持有其100.00%的股份4PIKCLOUDPTE.LTDSMARTCHAINGROWTHPTE.LTD.持有其100.00%的股份（4）上述第1项至第6项所列关联自然人直接或间接控制的，或者前述关联自然人（独立董事除外）担任董事、高级管理人员的法人或者其他组织（除公司及其控股子公司以外）除本项（2）所列企业、公司控股股东及其一致行动人外，上述第1项至第6项所列关联自然人直接或间接控制的，或者前述关联自然人（独立董事除外）担任董事、高级管理人员的法人或者其他组织（除公司及其控股子公司以外）如下：序号关联方名称关联关系1上海自友投资管理有限公司公司独立董事李丰直接持有其78.20%的股权2无锡峰睿投资有限公司公司独立董事李丰持有其100.00%的股权3杭州皓睿股权投资有限公司公司独立董事李丰持有其70.00%的股权4昆山峰越荷华企业管理有限公司公司独立董事李丰持有其99.90%的股
STAR002,STAR002_688775_影石创新科技股份有限公司_招股说明书.pdf,402,执行事务合伙人,影石创新科技股份有限公司招股说明书1-1-402序号关联方名称关联关系10苏州峰瑞越佳投资合伙企业（有限合伙）公司独立董事李丰间接持有其56.98%的份额，并担任其执行事务合伙人委派代表11上海睿优璟晟管理咨询合伙企业（有限合伙）公司独立董事李丰间接持有其56.98%的份额，并担任其执行事务合伙人委派代表12北京睿佳泉悦管理咨询服务合伙企业（有限合伙）公司独立董事李丰间接持有其3.1476%的份额，并担任其执行事务合伙人委派代表13上海后狸企业管理中心（有限合伙）公司独立董事李丰间接持有其3.0956%的份额，并担任其执行事务合伙人委派代表14南京致知恒网络信息技术有限公司公司独立董事郑滔持有其50%的股权，并担任其监事15江苏码客信息科技有限公司公司独立董事郑滔持有其40%的股权，并担任其执行董事兼总经理16好来门计算机软件（北京）有限公司南京办事处公司独立董事郑滔担任其负责人17北京联盛众赢科技有限公司公司董事童晨担任其董事18苏州叠纸网络科技股份有限公司公司董事童晨担任其董事19北京站酷创意科技有限公司公司董事童晨担任其董事20北京光速时光网络科技有限公司公司董事童晨担任其董事21杭州湘靖网络科技有限公司公司董事童晨担任其董事22青岛一船小鲜食品科技有限公司公司董事童晨担任其董事23OnemenaInternationalLimited公司董事童晨担任其董事24UWinHoldi
STAR002,STAR002_688775_影石创新科技股份有限公司_招股说明书.pdf,533,执行事务合伙人,"-533（1）不存在法律法规规定禁止持股的主体直接或间接持有发行人股份的情形；（2）截至本承诺出具日，中信证券投资有限公司、金石智娱股权投资（杭州）合伙企业（有限合伙）分别直接持有本公司9,112,616股、9,112,486股股份（对应发行前持股比例分别为2.5313%、2.5312%），中信证券投资有限公司、金石智娱股权投资（杭州）合伙企业（有限合伙）的执行事务合伙人中信金石投资有限公司均系本次发行的保荐人和主承销商中信证券股份有限公司的全资子公司，除上述持股情况外，本次发行的中介机构或其负责人、高级管理人员、经办人员不存在直接或间接持有发行人股份的情形；（3）不存在以发行人股权进行不当利益输送的情形；（4）本公司及本公司股东已及时向本次发行的中介机构提供了真实、准确、完整的资料，积极和全面配合了本次发行的中介机构开展尽职调查，依法在本次发行的申报文件中真实、准确、完整地披露了股东信息，履行了信息披露义务；（5）若本公司违反上述承诺，将承担由此引起的一切法律责任。"
