check_id,record_id,stock_code,company_short,subscriber_name,subscription_amount_wan,subscription_shares_wan,disclosed_price_yuan,computed_price_yuan,abs_diff,status,note
SUB-001282-001,AUTO-SUB-001282-001,001282,三联锻造,孙国奉,175,,,,,INFO,金额或股份数未披露，单价不计算。
SUB-001282-002,AUTO-SUB-001282-002,001282,三联锻造,孙国敏,162.5,,,,,INFO,金额或股份数未披露，单价不计算。
SUB-001282-003,AUTO-SUB-001282-003,001282,三联锻造,张松满,162.5,,,,,INFO,金额或股份数未披露，单价不计算。
SUB-001282-004,AUTO-SUB-001282-004,001282,三联锻造,温州三联锻造有限公司,620,,,,,INFO,金额或股份数未披露，单价不计算。
SUB-001282-005,AUTO-SUB-001282-005,001282,三联锻造,张爱连,400,,,,,INFO,金额或股份数未披露，单价不计算。
SUB-001282-006,AUTO-SUB-001282-006,001282,三联锻造,孙娟丽,380,,,,,INFO,金额或股份数未披露，单价不计算。
SUB-001282-007,AUTO-SUB-001282-007,001282,三联锻造,孙国奉,100,,,,,INFO,金额或股份数未披露，单价不计算。
SUB-001282-008,AUTO-SUB-001282-008,001282,三联锻造,孙国奉,1995,,,,,INFO,金额或股份数未披露，单价不计算。
SUB-001282-009,AUTO-SUB-001282-009,001282,三联锻造,张松满,1005,,,,,INFO,金额或股份数未披露，单价不计算。
SUB-001282-010,AUTO-SUB-001282-010,001282,三联锻造,安徽高新同华创业投资基金（有限合伙）,1150,,,,,INFO,金额或股份数未披露，单价不计算。
SUB-001282-011,AUTO-SUB-001282-011,001282,三联锻造,孙国奉,1330,,,,,INFO,金额或股份数未披露，单价不计算。
SUB-001282-012,AUTO-SUB-001282-012,001282,三联锻造,张松满,670,,,,,INFO,金额或股份数未披露，单价不计算。
SUB-001282-013,AUTO-SUB-001282-013,001282,三联锻造,芜湖三联控股合伙企业（有限合伙）,1566,348,4.5,4.5,0.0,PASS,披露单价与金额/股份数计算值一致。
SUB-301563-014,AUTO-SUB-301563-001,301563,云汉芯城,深圳市云汉电子有限公司,25,25,1,1.0,0.0,PASS,披露单价与金额/股份数计算值一致。
SUB-301563-015,AUTO-SUB-301563-002,301563,云汉芯城,刘云锋,25,25,1,1.0,0.0,PASS,披露单价与金额/股份数计算值一致。
SUB-301563-016,AUTO-SUB-301563-003,301563,云汉芯城,曾烨,25,25,1,1.0,0.0,PASS,披露单价与金额/股份数计算值一致。
SUB-301563-017,AUTO-SUB-301563-004,301563,云汉芯城,刘云锋,25,25,1,1.0,0.0,PASS,披露单价与金额/股份数计算值一致。
SUB-301563-018,AUTO-SUB-301563-005,301563,云汉芯城,武汉力源信息技术股份有限公司,,14.1,,,,INFO,金额或股份数未披露，单价不计算。
SUB-301563-019,AUTO-SUB-301563-006,301563,云汉芯城,东方富海（上海）创业投资企业（有限合伙）,,7.05,,,,INFO,金额或股份数未披露，单价不计算。
SUB-301563-020,AUTO-SUB-301563-007,301563,云汉芯城,芜湖富海浩研创业投资基金（有限合伙）,,7.05,,,,INFO,金额或股份数未披露，单价不计算。
SUB-301563-021,AUTO-SUB-301563-008,301563,云汉芯城,武汉力源信息技术股份有限公司,,4.39,,,,INFO,金额或股份数未披露，单价不计算。
SUB-301563-022,AUTO-SUB-301563-009,301563,云汉芯城,东方富海（上海）创业投资企业（有限合伙）,,2.2,,,,INFO,金额或股份数未披露，单价不计算。
SUB-301563-023,AUTO-SUB-301563-010,301563,云汉芯城,芜湖富海浩研创业投资基金（有限合伙）,,2.2,,,,INFO,金额或股份数未披露，单价不计算。
SUB-301563-024,AUTO-SUB-301563-011,301563,云汉芯城,曾烨,0,894.18,0,0.0,0.0,PASS,披露单价与金额/股份数计算值一致。
SUB-301563-025,AUTO-SUB-301563-012,301563,云汉芯城,刘云锋,0,372.6,0,0.0,0.0,PASS,披露单价与金额/股份数计算值一致。
SUB-301563-026,AUTO-SUB-301563-013,301563,云汉芯城,上海为赛投资管理中心（有限合伙）,0,93.15,0,0.0,0.0,PASS,披露单价与金额/股份数计算值一致。
SUB-301563-027,AUTO-SUB-301563-014,301563,云汉芯城,武汉力源信息技术股份有限公司,0,251.7,0,0.0,0.0,PASS,披露单价与金额/股份数计算值一致。
SUB-301563-028,AUTO-SUB-301563-015,301563,云汉芯城,东方富海（上海）创业投资企业（有限合伙）,0,125.85,0,0.0,0.0,PASS,披露单价与金额/股份数计算值一致。
SUB-301563-029,AUTO-SUB-301563-016,301563,云汉芯城,芜湖富海浩研创业投资基金（有限合伙）,0,125.52,0,0.0,0.0,PASS,披露单价与金额/股份数计算值一致。
SUB-301563-030,AUTO-SUB-301563-017,301563,云汉芯城,深圳市创新投资集团有限公司,,50.37,,,,INFO,金额或股份数未披露，单价不计算。
SUB-301563-031,AUTO-SUB-301563-018,301563,云汉芯城,丰利财富（北京）国际资本管理股份有限公司,1000,35.97,,27.8009,,INFO,PDF未直接披露单价，脚本仅生成可复核计算值。
SUB-301563-032,AUTO-SUB-301563-019,301563,云汉芯城,镇江红土创业投资有限公司,,17.99,,,,INFO,金额或股份数未披露，单价不计算。
SUB-301563-033,AUTO-SUB-301563-020,301563,云汉芯城,昆山红土高新创业投资有限公司,,17.99,,,,INFO,金额或股份数未披露，单价不计算。
SUB-301563-034,AUTO-SUB-301563-021,301563,云汉芯城,富海深湾（深圳）移动创新私募创业投资基金合伙企业（有限合伙）,,17.99,,,,INFO,金额或股份数未披露，单价不计算。
SUB-301563-035,AUTO-SUB-301563-022,301563,云汉芯城,芜湖富海浩研创业投资基金（有限合伙）,,18.01,,,,INFO,金额或股份数未披露，单价不计算。
SUB-301563-036,AUTO-SUB-301563-023,301563,云汉芯城,北京国科瑞华战略性新兴产业投资基金（有限合伙）,7412,254.4787,29.13,29.1262,0.0038,PASS,披露单价与金额/股份数计算值一致。
SUB-301563-037,AUTO-SUB-301563-024,301563,云汉芯城,CASREV FUND II-USD L.P.,1800,61.8,29.13,29.1262,0.0038,PASS,披露单价与金额/股份数计算值一致。
SUB-301563-038,AUTO-SUB-301563-025,301563,云汉芯城,中科贵银（贵州）产业投资基金（有限合伙）,1584,54.384,29.13,29.1262,0.0038,PASS,披露单价与金额/股份数计算值一致。
SUB-301563-039,AUTO-SUB-301563-026,301563,云汉芯城,夏东,204,7.004,29.13,29.1262,0.0038,PASS,披露单价与金额/股份数计算值一致。
SUB-301563-040,AUTO-SUB-301563-027,301563,云汉芯城,深圳南山东方富海中小微创业投资基金合伙企业（有限合伙）,3000,103,29.13,29.1262,0.0038,PASS,披露单价与金额/股份数计算值一致。
SUB-301563-041,AUTO-SUB-301563-028,301563,云汉芯城,珠海拓域,1000,34.3333,29.13,29.1262,0.0038,PASS,披露单价与金额/股份数计算值一致。
SUB-301563-042,AUTO-SUB-301563-029,301563,云汉芯城,李文发,20,20,1,1.0,0.0,PASS,披露单价与金额/股份数计算值一致。
SUB-301563-043,AUTO-SUB-301563-030,301563,云汉芯城,秦国君,20,20,1,1.0,0.0,PASS,披露单价与金额/股份数计算值一致。
SUB-301563-044,AUTO-SUB-301563-031,301563,云汉芯城,李剑峰,20,20,1,1.0,0.0,PASS,披露单价与金额/股份数计算值一致。
SUB-301563-045,AUTO-SUB-301563-032,301563,云汉芯城,周雪峰,60,60,1,1.0,0.0,PASS,披露单价与金额/股份数计算值一致。
SUB-301563-046,AUTO-SUB-301563-033,301563,云汉芯城,火炬电子,5000,113.0488,44.23,44.2287,0.0013,PASS,披露单价与金额/股份数计算值一致。
SUB-301563-047,AUTO-SUB-301563-034,301563,云汉芯城,厦门西堤,5000,96.899,51.6,51.6001,0.0001,PASS,披露单价与金额/股份数计算值一致。
SUB-301563-048,AUTO-SUB-301563-035,301563,云汉芯城,中小企业发展基金（深圳南山有限合伙）,2000,38.7596,51.6,51.6001,0.0001,PASS,披露单价与金额/股份数计算值一致。
SUB-301581-049,AUTO-SUB-301581-001,301581,黄山谷捷,深圳赛格高技术投资股份有限公司,,462.8571,22.42,,,INFO,金额或股份数未披露，单价不计算。
SUB-301581-050,AUTO-SUB-301581-002,301581,黄山谷捷,"SAIC TECHNOLOGIES FUND II, LLC",,51.4286,22.42,,,INFO,金额或股份数未披露，单价不计算。
SUB-301581-051,AUTO-SUB-301581-003,301581,黄山谷捷,黄山佳捷股权管理中心（有限合伙）,2124.8129,90.2256,23.55,23.55,0.0,PASS,披露单价与金额/股份数计算值一致。
SUB-603418-052,AUTO-SUB-603418-001,603418,友升股份,金浦临港基金,7000,840,8.3333,8.3333,0.0,PASS,披露单价与金额/股份数计算值一致。
SUB-603418-053,AUTO-SUB-603418-002,603418,友升股份,金浦科创基金,3000,360,8.3333,8.3333,0.0,PASS,披露单价与金额/股份数计算值一致。
SUB-603418-054,AUTO-SUB-603418-003,603418,友升股份,上海骁墨,1500,180,8.3333,8.3333,0.0,PASS,披露单价与金额/股份数计算值一致。
SUB-603418-055,AUTO-SUB-603418-004,603418,友升股份,杉晖创业,10000,297.3333,33.6323,33.6323,0.0,PASS,披露单价与金额/股份数计算值一致。
SUB-603418-056,AUTO-SUB-603418-005,603418,友升股份,上海联炻,10000,297.3333,33.6323,33.6323,0.0,PASS,披露单价与金额/股份数计算值一致。
SUB-603418-057,AUTO-SUB-603418-006,603418,友升股份,安吉璞颉,5000,148.6667,33.6323,33.6323,0.0,PASS,披露单价与金额/股份数计算值一致。
SUB-603418-058,AUTO-SUB-603418-007,603418,友升股份,财投晨源,3000,89.2,33.6323,33.6323,0.0,PASS,披露单价与金额/股份数计算值一致。
SUB-603418-059,AUTO-SUB-603418-008,603418,友升股份,深圳达晨创程,2912.5,86.5984,33.6323,33.6323,0.0,PASS,披露单价与金额/股份数计算值一致。
SUB-603418-060,AUTO-SUB-603418-009,603418,友升股份,杉创智至,2000,59.4667,33.6323,33.6323,0.0,PASS,披露单价与金额/股份数计算值一致。
SUB-603418-061,AUTO-SUB-603418-010,603418,友升股份,杭州达晨创程,1747.5,51.959,33.6323,33.6323,0.0,PASS,披露单价与金额/股份数计算值一致。
SUB-603418-062,AUTO-SUB-603418-011,603418,友升股份,达晨财汇,1000,29.7333,33.6323,33.6323,0.0,PASS,披露单价与金额/股份数计算值一致。
SUB-603418-063,AUTO-SUB-603418-012,603418,友升股份,达晨财智,1000,29.7333,33.6323,33.6323,0.0,PASS,披露单价与金额/股份数计算值一致。
SUB-603418-064,AUTO-SUB-603418-013,603418,友升股份,财智创赢,340,10.1093,33.6323,33.6324,0.0001,PASS,披露单价与金额/股份数计算值一致。
SUB-688758-065,AUTO-SUB-688758-001,688758,赛分科技,源峰磐赛,20000,1571815,,0.0127,,INFO,PDF未直接披露单价，脚本仅生成可复核计算值。
SUB-688758-066,AUTO-SUB-688758-002,688758,赛分科技,珠海峦恒,8000,628726,,0.0127,,INFO,PDF未直接披露单价，脚本仅生成可复核计算值。
SUB-688758-067,AUTO-SUB-688758-003,688758,赛分科技,高瓴祈睿,8000,628726,,0.0127,,INFO,PDF未直接披露单价，脚本仅生成可复核计算值。
SUB-688758-068,AUTO-SUB-688758-004,688758,赛分科技,国药中生,5876.59,461846,,0.0127,,INFO,PDF未直接披露单价，脚本仅生成可复核计算值。
SUB-688758-069,AUTO-SUB-688758-005,688758,赛分科技,圣成投资,123.41,9699,,0.0127,,INFO,PDF未直接披露单价，脚本仅生成可复核计算值。
SUB-688758-070,AUTO-SUB-688758-006,688758,赛分科技,国药二期,1980.2,155625,,0.0127,,INFO,PDF未直接披露单价，脚本仅生成可复核计算值。
SUB-688758-071,AUTO-SUB-688758-007,688758,赛分科技,圣祁投资,19.8,1556,,0.0127,,INFO,PDF未直接披露单价，脚本仅生成可复核计算值。
SUB-688758-072,AUTO-SUB-688758-008,688758,赛分科技,夏尔巴二期,5000,392954,,0.0127,,INFO,PDF未直接披露单价，脚本仅生成可复核计算值。
SUB-688758-073,AUTO-SUB-688758-009,688758,赛分科技,甘李药业,3000,235772,,0.0127,,INFO,PDF未直接披露单价，脚本仅生成可复核计算值。
SUB-688758-074,AUTO-SUB-688758-010,688758,赛分科技,吴征涛,2000,157182,,0.0127,,INFO,PDF未直接披露单价，脚本仅生成可复核计算值。
SUB-920100-075,AUTO-SUB-920100-001,920100,三协电机,深圳市稳正景明创业投资企业（有限合伙）,1580.0001,352.6786,4.48,4.48,0.0,PASS,披露单价与金额/股份数计算值一致。
SUB-920100-076,AUTO-SUB-920100-002,920100,三协电机,深圳市稳正长泽创业投资企业（有限合伙）,794.3999,177.3214,4.48,4.48,0.0,PASS,披露单价与金额/股份数计算值一致。
SUB-920100-077,AUTO-SUB-920100-003,920100,三协电机,盛祎,954.865,176.5,5.41,5.41,0.0,PASS,披露单价与金额/股份数计算值一致。
SUB-920100-078,AUTO-SUB-920100-004,920100,三协电机,盛松,81.15,15,5.41,5.41,0.0,PASS,披露单价与金额/股份数计算值一致。
SUB-920100-079,AUTO-SUB-920100-005,920100,三协电机,薛小丽,81.15,15,5.41,5.41,0.0,PASS,披露单价与金额/股份数计算值一致。
SUB-920100-080,AUTO-SUB-920100-006,920100,三协电机,倪进宽,81.15,15,5.41,5.41,0.0,PASS,披露单价与金额/股份数计算值一致。
SUB-920100-081,AUTO-SUB-920100-007,920100,三协电机,余方成,81.15,15,5.41,5.41,0.0,PASS,披露单价与金额/股份数计算值一致。
SUB-920100-082,AUTO-SUB-920100-008,920100,三协电机,吴春扣,54.1,10,5.41,5.41,0.0,PASS,披露单价与金额/股份数计算值一致。
SUB-920100-083,AUTO-SUB-920100-009,920100,三协电机,陆宇君,43.28,8,5.41,5.41,0.0,PASS,披露单价与金额/股份数计算值一致。
SUB-920100-084,AUTO-SUB-920100-010,920100,三协电机,戈翔俊,43.28,8,5.41,5.41,0.0,PASS,披露单价与金额/股份数计算值一致。
SUB-920100-085,AUTO-SUB-920100-011,920100,三协电机,陈都亮,27.05,5,5.41,5.41,0.0,PASS,披露单价与金额/股份数计算值一致。
SUB-920100-086,AUTO-SUB-920100-012,920100,三协电机,圣利,27.05,5,5.41,5.41,0.0,PASS,披露单价与金额/股份数计算值一致。
SUB-920100-087,AUTO-SUB-920100-013,920100,三协电机,董雪强,16.23,3,5.41,5.41,0.0,PASS,披露单价与金额/股份数计算值一致。
SUB-920100-088,AUTO-SUB-920100-014,920100,三协电机,文涛,16.23,3,5.41,5.41,0.0,PASS,披露单价与金额/股份数计算值一致。
SUB-920100-089,AUTO-SUB-920100-015,920100,三协电机,付荷庆,16.23,3,5.41,5.41,0.0,PASS,披露单价与金额/股份数计算值一致。
SUB-920100-090,AUTO-SUB-920100-016,920100,三协电机,陈韵,5.41,1,5.41,5.41,0.0,PASS,披露单价与金额/股份数计算值一致。
SUB-920100-091,AUTO-SUB-920100-017,920100,三协电机,盛月瑶,210.99,39,5.41,5.41,0.0,PASS,披露单价与金额/股份数计算值一致。
SUB-920116-092,AUTO-SUB-920116-001,920116,星图测控,北京四方继保自动化股份有限公司,1200,1200,1,1.0,0.0,PASS,披露单价与金额/股份数计算值一致。
SUB-920116-093,AUTO-SUB-920116-002,920116,星图测控,罗永红,400,400,1,1.0,0.0,PASS,披露单价与金额/股份数计算值一致。
SUB-920116-094,AUTO-SUB-920116-003,920116,星图测控,王金林,400,400,1,1.0,0.0,PASS,披露单价与金额/股份数计算值一致。
SUB-920116-095,AUTO-SUB-920116-004,920116,星图测控,共青城策星银河投资合伙企业（有限合伙）,1757.7,279,6.3,6.3,0.0,PASS,披露单价与金额/股份数计算值一致。
SUB-920116-096,AUTO-SUB-920116-005,920116,星图测控,共青城策星逐日投资合伙企业（有限合伙）,1077.3,171,6.3,6.3,0.0,PASS,披露单价与金额/股份数计算值一致。
SUB-920116-097,AUTO-SUB-920116-006,920116,星图测控,共青城星图幸福二期投资合伙企业（有限合伙）,1890,300,6.3,6.3,0.0,PASS,披露单价与金额/股份数计算值一致。
