record_id,stock_code,company_short,source_file,source_record_no,pdf_page,event_date,batch_label,subscriber_name,investor_type_auto,subscription_shares_wan,subscription_amount_wan,subscription_price_yuan,computed_price_yuan,entity_type,subscription_ratio_pct,paid_in_amount_wan,currency,source_evidence,auto_flags
AUTO-SUB-001282-001,001282,三联锻造,001282_三联锻造.jsonl,1,30,2004/6/18,第1批,孙国奉,自然人/其他,,175,,,,,,人民币,2004年6月1日，孙国奉、孙国敏和张松满就设立三联有限签署了股东协议书及公司章程，约定三联有限的注册资本500万元，由孙国奉以机器设备出资175万元，占注册资本35%；孙国敏以货币和机器设备出资162.5万元，占注册资本32.5%；张松满以货币和机器设备出资162.5万元，占注册资本32.5%。2004年6月18日，三联有限设立经芜湖市工商行政管理局核准，并取得注册号为3402012102584的《营业执照》。,认购/新增股份未披露，保留空值
AUTO-SUB-001282-002,001282,三联锻造,001282_三联锻造.jsonl,2,30,2004/6/18,第1批,孙国敏,自然人/其他,,162.5,,,,,,人民币,2004年6月1日，孙国奉、孙国敏和张松满就设立三联有限签署了股东协议书及公司章程，约定三联有限的注册资本500万元，由孙国奉以机器设备出资175万元，占注册资本35%；孙国敏以货币和机器设备出资162.5万元，占注册资本32.5%；张松满以货币和机器设备出资162.5万元，占注册资本32.5%。,认购/新增股份未披露，保留空值
AUTO-SUB-001282-003,001282,三联锻造,001282_三联锻造.jsonl,3,30,2004/6/18,第1批,张松满,自然人/其他,,162.5,,,,,,人民币,2004年6月1日，孙国奉、孙国敏和张松满就设立三联有限签署了股东协议书及公司章程，约定三联有限的注册资本500万元，由孙国奉以机器设备出资175万元，占注册资本35%；孙国敏以货币和机器设备出资162.5万元，占注册资本32.5%；张松满以货币和机器设备出资162.5万元，占注册资本32.5%。,认购/新增股份未披露，保留空值
AUTO-SUB-001282-004,001282,三联锻造,001282_三联锻造.jsonl,4,33,2007/12/31,第2批,温州三联锻造有限公司,产业资本/法人股东,,620,,,,,,人民币,"三联有限增资1,500万元，其中由温州三联出资620万元，张爱连出资400万元，孙娟丽出资380万元，孙国奉出资100万元。2007年12月，三联有限第一次增资，注册资本：2,000万元。",认购/新增股份未披露，保留空值
AUTO-SUB-001282-005,001282,三联锻造,001282_三联锻造.jsonl,5,33,2007/12/31,第2批,张爱连,自然人/其他,,400,,,,,,人民币,"三联有限增资1,500万元，其中由温州三联出资620万元，张爱连出资400万元，孙娟丽出资380万元，孙国奉出资100万元。2007年12月，三联有限第一次增资，注册资本：2,000万元。",认购/新增股份未披露，保留空值
AUTO-SUB-001282-006,001282,三联锻造,001282_三联锻造.jsonl,6,33,2007/12/31,第2批,孙娟丽,自然人/其他,,380,,,,,,人民币,"三联有限增资1,500万元，其中由温州三联出资620万元，张爱连出资400万元，孙娟丽出资380万元，孙国奉出资100万元。2007年12月，三联有限第一次增资，注册资本：2,000万元。",认购/新增股份未披露，保留空值
AUTO-SUB-001282-007,001282,三联锻造,001282_三联锻造.jsonl,7,33,2007/12/31,第2批,孙国奉,自然人/其他,,100,,,,,,人民币,"三联有限增资1,500万元，其中由温州三联出资620万元，张爱连出资400万元，孙娟丽出资380万元，孙国奉出资100万元。2007年12月，三联有限第一次增资，注册资本：2,000万元。",认购/新增股份未披露，保留空值
AUTO-SUB-001282-008,001282,三联锻造,001282_三联锻造.jsonl,8,33,2014/5/31,第3批,孙国奉,自然人/其他,,1995,,,,,,人民币,"三联有限增资3,000万元，其中由孙国奉出资1,995万元，张松满出资1,005万元。2014年5月，三联有限第二次增资，注册资本：5,000万元。",认购/新增股份未披露，保留空值
AUTO-SUB-001282-009,001282,三联锻造,001282_三联锻造.jsonl,9,33,2014/5/31,第3批,张松满,自然人/其他,,1005,,,,,,人民币,"三联有限增资3,000万元，其中由孙国奉出资1,995万元，张松满出资1,005万元。2014年5月，三联有限第二次增资，注册资本：5,000万元。",认购/新增股份未披露，保留空值
AUTO-SUB-001282-010,001282,三联锻造,001282_三联锻造.jsonl,10,33,2017/2/28,第4批,安徽高新同华创业投资基金（有限合伙）,PE/VC或私募基金,,1150,,,,,,人民币,"三联有限增资1,150万元，由高新同华出资1,150万元。2017年2月，三联有限第三次增资，注册资本：6,150万元。",认购/新增股份未披露，保留空值
AUTO-SUB-001282-011,001282,三联锻造,001282_三联锻造.jsonl,11,34,2017/11/30,第5批,孙国奉,自然人/其他,,1330,,,,,,人民币,"三联有限增资2,000万元，三联有限将未分配利润2,000万元向孙国奉、张松满定向转增注册资本，其中孙国奉定向转增1,330万元，张松满定向转增670万元。2017年11月，三联有限第四次增资，注册资本：8,150万元。",认购/新增股份未披露，保留空值
AUTO-SUB-001282-012,001282,三联锻造,001282_三联锻造.jsonl,12,34,2017/11/30,第5批,张松满,自然人/其他,,670,,,,,,人民币,"三联有限增资2,000万元，三联有限将未分配利润2,000万元向孙国奉、张松满定向转增注册资本，其中孙国奉定向转增1,330万元，张松满定向转增670万元。2017年11月，三联有限第四次增资，注册资本：8,150万元。",认购/新增股份未披露，保留空值
AUTO-SUB-001282-013,001282,三联锻造,001282_三联锻造.jsonl,13,35,2019/12/4,第6批,芜湖三联控股合伙企业（有限合伙）,合伙企业-待复核,348,1566,4.5,4.5,,,,人民币,"2019年12月4日，公司召开2019年第二次临时股东大会，审议通过了《关于公司增资扩股的议案》，议案决定拟将公司的注册资本由8,150万元增加至8,498万元。新增注册资本由新股东三联合伙以每股4.50元的价格认购，其中348万元计入注册资本，剩余1,218万元计入资本公积。2019年12月17日，三联锻造本次增资经芜湖市市场监督管理局核准。",
AUTO-SUB-301563-001,301563,云汉芯城,301563_云汉芯城.jsonl,1,55,2008/5/7,有限公司设立,深圳市云汉电子有限公司,产业资本/法人股东,25,25,1,1,,,,人民币,2008年5月，有限公司设立，注册资本50万元。由深圳市云汉电子有限公司和刘云锋共同出资设立，持股比例分别为50%、50%。序号1：深圳市云汉电子有限公司，注册资本25.00万元，持股比例50.00%。,
AUTO-SUB-301563-002,301563,云汉芯城,301563_云汉芯城.jsonl,2,55,2008/5/7,有限公司设立,刘云锋,自然人/其他,25,25,1,1,,,,人民币,2008年5月，有限公司设立，注册资本50万元。由深圳市云汉电子有限公司和刘云锋共同出资设立，持股比例分别为50%、50%。序号2：刘云锋，注册资本25.00万元，持股比例50.00%。,
AUTO-SUB-301563-003,301563,云汉芯城,301563_云汉芯城.jsonl,3,56,2009/12/1,有限公司第一次增资,曾烨,自然人/其他,25,25,1,1,,,,人民币,2009年12月，有限公司第一次股权转让及增资，注册资本增至100万元。深圳市云汉电子有限公司将其持有的有限公司50%股权转让给曾烨，曾烨、刘云锋按原持股比例增资50万元，注册资本增至100万。,
AUTO-SUB-301563-004,301563,云汉芯城,301563_云汉芯城.jsonl,4,56,2009/12/1,有限公司第一次增资,刘云锋,自然人/其他,25,25,1,1,,,,人民币,2009年12月，有限公司第一次股权转让及增资，注册资本增至100万元。曾烨、刘云锋按原持股比例增资50万元，注册资本增至100万。,
AUTO-SUB-301563-005,301563,云汉芯城,301563_云汉芯城.jsonl,5,56,2014/8/1,有限公司第二次增资（A轮第一批）,武汉力源信息技术股份有限公司,产业资本/法人股东,14.1,,,,,,,人民币,2014年8月，有限公司第二次增资，注册资本增至128.205万元。力源信息、东方富海及芜湖富海共同增资28.205万元，注册资本增至128.205万元。,投资金额未披露或非现金出资，保留空值
AUTO-SUB-301563-006,301563,云汉芯城,301563_云汉芯城.jsonl,6,56,2014/8/1,有限公司第二次增资（A轮第一批）,东方富海（上海）创业投资企业（有限合伙）,PE/VC或私募基金,7.05,,,,,,,人民币,2014年8月，有限公司第二次增资，注册资本增至128.205万元。力源信息、东方富海及芜湖富海共同增资28.205万元，注册资本增至128.205万元。,投资金额未披露或非现金出资，保留空值
AUTO-SUB-301563-007,301563,云汉芯城,301563_云汉芯城.jsonl,7,56,2014/8/1,有限公司第二次增资（A轮第一批）,芜湖富海浩研创业投资基金（有限合伙）,PE/VC或私募基金,7.05,,,,,,,人民币,2014年8月，有限公司第二次增资，注册资本增至128.205万元。力源信息、东方富海及芜湖富海共同增资28.205万元，注册资本增至128.205万元。,投资金额未披露或非现金出资，保留空值
AUTO-SUB-301563-008,301563,云汉芯城,301563_云汉芯城.jsonl,8,56,2015/1/1,有限公司第三次增资（A轮第二批）,武汉力源信息技术股份有限公司,产业资本/法人股东,4.39,,,,,,,人民币,2015年1月，有限公司第三次增资，注册资本增至136.9864万元。力源信息、东方富海及芜湖富海共同增资8.78714万元，注册资本增至136.9864万元。,投资金额未披露或非现金出资，保留空值
AUTO-SUB-301563-009,301563,云汉芯城,301563_云汉芯城.jsonl,9,56,2015/1/1,有限公司第三次增资（A轮第二批）,东方富海（上海）创业投资企业（有限合伙）,PE/VC或私募基金,2.2,,,,,,,人民币,2015年1月，有限公司第三次增资，注册资本增至136.9864万元。力源信息、东方富海及芜湖富海共同增资8.78714万元，注册资本增至136.9864万元。,投资金额未披露或非现金出资，保留空值
AUTO-SUB-301563-010,301563,云汉芯城,301563_云汉芯城.jsonl,10,56,2015/1/1,有限公司第三次增资（A轮第二批）,芜湖富海浩研创业投资基金（有限合伙）,PE/VC或私募基金,2.2,,,,,,,人民币,2015年1月，有限公司第三次增资，注册资本增至136.9864万元。力源信息、东方富海及芜湖富海共同增资8.78714万元，注册资本增至136.9864万元。,投资金额未披露或非现金出资，保留空值
AUTO-SUB-301563-011,301563,云汉芯城,301563_云汉芯城.jsonl,11,56,2015/3/1,有限公司第四次增资（资本公积转增）,曾烨,自然人/其他,894.18,0,0,,,,,人民币,"2015年3月，有限公司第四次增资，注册资本增至2,000万元。新增注册资本由各股东按照其持股比例以资本公积转增，注册资本增至2,000万元。",
AUTO-SUB-301563-012,301563,云汉芯城,301563_云汉芯城.jsonl,12,56,2015/3/1,有限公司第四次增资（资本公积转增）,刘云锋,自然人/其他,372.6,0,0,,,,,人民币,"2015年3月，有限公司第四次增资，注册资本增至2,000万元。新增注册资本由各股东按照其持股比例以资本公积转增，注册资本增至2,000万元。",
AUTO-SUB-301563-013,301563,云汉芯城,301563_云汉芯城.jsonl,13,56,2015/3/1,有限公司第四次增资（资本公积转增）,上海为赛投资管理中心（有限合伙）,合伙企业-待复核,93.15,0,0,,,,,人民币,"2015年3月，有限公司第四次增资，注册资本增至2,000万元。新增注册资本由各股东按照其持股比例以资本公积转增，注册资本增至2,000万元。",
AUTO-SUB-301563-014,301563,云汉芯城,301563_云汉芯城.jsonl,14,56,2015/3/1,有限公司第四次增资（资本公积转增）,武汉力源信息技术股份有限公司,产业资本/法人股东,251.7,0,0,,,,,人民币,"2015年3月，有限公司第四次增资，注册资本增至2,000万元。新增注册资本由各股东按照其持股比例以资本公积转增，注册资本增至2,000万元。",
AUTO-SUB-301563-015,301563,云汉芯城,301563_云汉芯城.jsonl,15,56,2015/3/1,有限公司第四次增资（资本公积转增）,东方富海（上海）创业投资企业（有限合伙）,PE/VC或私募基金,125.85,0,0,,,,,人民币,"2015年3月，有限公司第四次增资，注册资本增至2,000万元。新增注册资本由各股东按照其持股比例以资本公积转增，注册资本增至2,000万元。",
AUTO-SUB-301563-016,301563,云汉芯城,301563_云汉芯城.jsonl,16,56,2015/3/1,有限公司第四次增资（资本公积转增）,芜湖富海浩研创业投资基金（有限合伙）,PE/VC或私募基金,125.52,0,0,,,,,人民币,"2015年3月，有限公司第四次增资，注册资本增至2,000万元。新增注册资本由各股东按照其持股比例以资本公积转增，注册资本增至2,000万元。",
AUTO-SUB-301563-017,301563,云汉芯城,301563_云汉芯城.jsonl,17,57,2015/8/1,有限公司第五次增资（B轮）,深圳市创新投资集团有限公司,产业资本/法人股东,50.37,,,,,,,人民币,"2015年8月，有限公司第五次增资，注册资本增至2,158.2733万元。深创投、丰利财富、镇江红土、昆山红土、富海深湾、芜湖富海共同增资158.2733万元，注册资本增至2,158.2733万元。",投资金额未披露或非现金出资，保留空值
AUTO-SUB-301563-018,301563,云汉芯城,301563_云汉芯城.jsonl,18,57,2015/8/1,有限公司第五次增资（B轮）,丰利财富（北京）国际资本管理股份有限公司,产业资本/法人股东,35.97,1000,,27.8009,,,,人民币,"2015年8月，有限公司第五次增资，注册资本增至2,158.2733万元。深创投、丰利财富、镇江红土、昆山红土、富海深湾、芜湖富海共同增资158.2733万元。转让价格系按照丰利财富2015年入股云汉有限时的投资总额1,000万元确定（PDF第58页）。",PDF未直接披露单价，按金额/股份计算
AUTO-SUB-301563-019,301563,云汉芯城,301563_云汉芯城.jsonl,19,57,2015/8/1,有限公司第五次增资（B轮）,镇江红土创业投资有限公司,PE/VC或私募基金,17.99,,,,,,,人民币,"2015年8月，有限公司第五次增资，注册资本增至2,158.2733万元。深创投、丰利财富、镇江红土、昆山红土、富海深湾、芜湖富海共同增资158.2733万元。",投资金额未披露或非现金出资，保留空值
AUTO-SUB-301563-020,301563,云汉芯城,301563_云汉芯城.jsonl,20,57,2015/8/1,有限公司第五次增资（B轮）,昆山红土高新创业投资有限公司,PE/VC或私募基金,17.99,,,,,,,人民币,"2015年8月，有限公司第五次增资，注册资本增至2,158.2733万元。深创投、丰利财富、镇江红土、昆山红土、富海深湾、芜湖富海共同增资158.2733万元。",投资金额未披露或非现金出资，保留空值
AUTO-SUB-301563-021,301563,云汉芯城,301563_云汉芯城.jsonl,21,57,2015/8/1,有限公司第五次增资（B轮）,富海深湾（深圳）移动创新私募创业投资基金合伙企业（有限合伙）,PE/VC或私募基金,17.99,,,,,,,人民币,"2015年8月，有限公司第五次增资，注册资本增至2,158.2733万元。深创投、丰利财富、镇江红土、昆山红土、富海深湾、芜湖富海共同增资158.2733万元。",投资金额未披露或非现金出资，保留空值
AUTO-SUB-301563-022,301563,云汉芯城,301563_云汉芯城.jsonl,22,57,2015/8/1,有限公司第五次增资（B轮）,芜湖富海浩研创业投资基金（有限合伙）,PE/VC或私募基金,18.01,,,,,,,人民币,"2015年8月，有限公司第五次增资，注册资本增至2,158.2733万元。深创投、丰利财富、镇江红土、昆山红土、富海深湾、芜湖富海共同增资158.2733万元。",投资金额未披露或非现金出资，保留空值
AUTO-SUB-301563-023,301563,云汉芯城,301563_云汉芯城.jsonl,23,59,2018/6/28,股份公司第一次增资（C轮-外部投资人）,北京国科瑞华战略性新兴产业投资基金（有限合伙）,PE/VC或私募基金,254.4787,7412,29.13,29.1262,,,,人民币,"国科瑞华以现金7,412万元认缴新增注册资本254.4787万元。上述增资和股权转让的每股价格约为29.13元，对应发行人整体投后估值约为13.5亿元。",
AUTO-SUB-301563-024,301563,云汉芯城,301563_云汉芯城.jsonl,24,59,2018/6/28,股份公司第一次增资（C轮-外部投资人）,CASREV FUND II-USD L.P.,自然人/其他,61.8,1800,29.13,29.1262,,,,人民币,"CASREV FUND以现金1,800万元的等值美元认缴新增注册资本61.8万元。上述增资和股权转让的每股价格约为29.13元。",
AUTO-SUB-301563-025,301563,云汉芯城,301563_云汉芯城.jsonl,25,59,2018/6/28,股份公司第一次增资（C轮-外部投资人）,中科贵银（贵州）产业投资基金（有限合伙）,PE/VC或私募基金,54.384,1584,29.13,29.1262,,,,人民币,"中科贵银以现金1,584万元认缴新增注册资本54.384万元。上述增资和股权转让的每股价格约为29.13元。",
AUTO-SUB-301563-026,301563,云汉芯城,301563_云汉芯城.jsonl,26,59,2018/6/28,股份公司第一次增资（C轮-外部投资人）,夏东,自然人/其他,7.004,204,29.13,29.1262,,,,人民币,夏东以现金204万元认缴新增注册资本7.004万元。上述增资和股权转让的每股价格约为29.13元。,
AUTO-SUB-301563-027,301563,云汉芯城,301563_云汉芯城.jsonl,27,59,2018/6/28,股份公司第一次增资（C轮-外部投资人）,深圳南山东方富海中小微创业投资基金合伙企业（有限合伙）,PE/VC或私募基金,103,3000,29.13,29.1262,,,,人民币,"南山富海以现金3,000万元认缴新增注册资本103万元。上述增资和股权转让的每股价格约为29.13元。",
AUTO-SUB-301563-028,301563,云汉芯城,301563_云汉芯城.jsonl,28,59,2018/6/28,股份公司第一次增资（C轮-外部投资人）,珠海拓域,自然人/其他,34.3333,1000,29.13,29.1262,,,,人民币,"珠海拓域以现金1,000万元认缴新增注册资本34.3333万元。上述增资和股权转让的每股价格约为29.13元。",
AUTO-SUB-301563-029,301563,云汉芯城,301563_云汉芯城.jsonl,29,60,2018/6/28,股份公司第一次增资（C轮-员工股权激励）,李文发,自然人/其他,20,20,1,1,,,,人民币,同意对公司管理团队进行股权激励，由激励对象李文发、秦国君、李剑峰、周雪峰认缴发行人新增注册资本共计120万元，每股价格1元。其中，李文发以现金20万元认缴新增注册资本20万元。,
AUTO-SUB-301563-030,301563,云汉芯城,301563_云汉芯城.jsonl,30,60,2018/6/28,股份公司第一次增资（C轮-员工股权激励）,秦国君,自然人/其他,20,20,1,1,,,,人民币,同意对公司管理团队进行股权激励，由激励对象李文发、秦国君、李剑峰、周雪峰认缴发行人新增注册资本共计120万元，每股价格1元。其中，秦国君以现金20万元认缴新增注册资本20万元。,
AUTO-SUB-301563-031,301563,云汉芯城,301563_云汉芯城.jsonl,31,60,2018/6/28,股份公司第一次增资（C轮-员工股权激励）,李剑峰,自然人/其他,20,20,1,1,,,,人民币,同意对公司管理团队进行股权激励，由激励对象李文发、秦国君、李剑峰、周雪峰认缴发行人新增注册资本共计120万元，每股价格1元。其中，李剑峰以现金20万元认缴新增注册资本20万元。,
AUTO-SUB-301563-032,301563,云汉芯城,301563_云汉芯城.jsonl,32,60,2018/6/28,股份公司第一次增资（C轮-员工股权激励）,周雪峰,自然人/其他,60,60,1,1,,,,人民币,同意对公司管理团队进行股权激励，由激励对象李文发、秦国君、李剑峰、周雪峰认缴发行人新增注册资本共计120万元，每股价格1元。其中，周雪峰以现金60万元认缴新增注册资本60万元。,
AUTO-SUB-301563-033,301563,云汉芯城,301563_云汉芯城.jsonl,33,62,2020/5/28,股份公司第二次增资（D轮）,火炬电子,自然人/其他,113.0488,5000,44.23,44.2287,,,,人民币,"根据发行人与火炬电子于2020年5月20日签署的《增资协议》，火炬电子以现金5,000万元认购上述新增股份113.0488万股。此次增资每股价格约为44.23元，对应发行人整体投后估值约为21亿元。",
AUTO-SUB-301563-034,301563,云汉芯城,301563_云汉芯城.jsonl,34,63,2020/9/23,股份公司第三次增资（D+轮）,厦门西堤,自然人/其他,96.899,5000,51.6,51.6001,,,,人民币,"厦门西堤以5,000.00万元认购公司新增股份96.899万股，96.899万元计入股本，剩余部分计入资本公积。此次增资及股权转让的每股价格约为51.6元，对应发行人整体投后估值约为25.2亿。",
AUTO-SUB-301563-035,301563,云汉芯城,301563_云汉芯城.jsonl,35,63,2020/9/23,股份公司第三次增资（D+轮）,中小企业发展基金（深圳南山有限合伙）,PE/VC或私募基金,38.7596,2000,51.6,51.6001,,,,人民币,"中小企业基金以2,000.00万元认购新增股份38.7596万股，38.7596万元计入股本，剩余部分计入资本公积。此次增资及股权转让的每股价格约为51.6元。",
AUTO-SUB-301581-001,301581,黄山谷捷,301581_黄山谷捷.jsonl,1,44,2021/11/11,"第一次增资（增资至1,714.2857万元）",深圳赛格高技术投资股份有限公司,产业资本/法人股东,462.8571,,22.42,,,,,人民币,2021 年 9 月 18 日，赛格高技术、上汽科技与黄山供销集团、张俊武、周斌及谷捷有限签署《黄山谷捷散热科技有限公司增资协议》，约定谷捷有限增加注册资本 514.2857 万元，其中赛格高技术认缴 462.8571 万元、上汽科技认缴 51.4286万元，增资价格为 22.42 元/注册资本，出资方式为货币。,投资金额未披露或非现金出资，保留空值
AUTO-SUB-301581-002,301581,黄山谷捷,301581_黄山谷捷.jsonl,2,44,2021/11/11,"第一次增资（增资至1,714.2857万元）","SAIC TECHNOLOGIES FUND II, LLC",自然人/其他,51.4286,,22.42,,,,,人民币,2021 年 9 月 18 日，赛格高技术、上汽科技与黄山供销集团、张俊武、周斌及谷捷有限签署《黄山谷捷散热科技有限公司增资协议》，约定谷捷有限增加注册资本 514.2857 万元，其中赛格高技术认缴 462.8571 万元、上汽科技认缴 51.4286万元，增资价格为 22.42 元/注册资本，出资方式为货币。,投资金额未披露或非现金出资，保留空值
AUTO-SUB-301581-003,301581,黄山谷捷,301581_黄山谷捷.jsonl,3,45,2022/5/26,"第二次增资（增资至1,804.5113万元）",黄山佳捷股权管理中心（有限合伙）,合伙企业-待复核,90.2256,2124.8129,23.55,23.55,,,,人民币,"2022 年 5 月 20 日，谷捷有限召开股东会，同意将公司的注册资本由1,714.2857 万元增至 1,804.5113 万元，新增注册资本 90.2256 万元由员工持股平台黄山佳捷全额认缴。2022 年 5 月 24 日，谷捷有限与黄山佳捷签署《黄山谷捷散热科技有限公司增资扩股协议》，新增注册资本 90.2256 万元由黄山佳捷全额认缴，增资价格为23.55 元/注册资本，出资方式为货币。黄山佳捷以 2,124.8129 万元认购发行人 90.2256 万元注册资本。",
AUTO-SUB-603418-001,603418,友升股份,603418_友升股份.jsonl,1,44,2020/9/27,第1批,金浦临港基金,PE/VC或私募基金,840,7000,8.3333,8.3333,,,,人民币,"2020 年 9 月，金浦临港基金、金浦科创基金和上海骁墨与本次增资前公司股东泽升贸易、罗世兵、共青城泽升、达晨创联基金共同签署《投资协议》，约定金浦临港基金、金浦科创基金和上海骁墨分别以 7,000 万元、3,000 万元和1,500 万元认购发行人新增注册资本 840 万元、360 万元和 180 万元。2020 年 9 月 27 日，经友升股份 2020 年第二次临时股东大会审议通过，友升股份股本由 12,000 万元增加至 13,380 万元，新增注册资本由金浦临港基金出资 840 万元、金浦科创基金出资 360 万元、上海骁墨出资 180 万元，出资方式均为货币资金，新增股份的认购价格为 8.3333 元/股。2020 年 9 月 30 日，友升股份完成了上述增资的工商变更登记手续，并取得了由上海市市场监督管理局换发的《营业执照》。",
AUTO-SUB-603418-002,603418,友升股份,603418_友升股份.jsonl,2,44,2020/9/27,第1批,金浦科创基金,PE/VC或私募基金,360,3000,8.3333,8.3333,,,,人民币,"2020 年 9 月，金浦临港基金、金浦科创基金和上海骁墨与本次增资前公司股东泽升贸易、罗世兵、共青城泽升、达晨创联基金共同签署《投资协议》，约定金浦临港基金、金浦科创基金和上海骁墨分别以 7,000 万元、3,000 万元和1,500 万元认购发行人新增注册资本 840 万元、360 万元和 180 万元。2020 年 9 月 27 日，经友升股份 2020 年第二次临时股东大会审议通过，友升股份股本由 12,000 万元增加至 13,380 万元，新增注册资本由金浦临港基金出资 840 万元、金浦科创基金出资 360 万元、上海骁墨出资 180 万元，出资方式均为货币资金，新增股份的认购价格为 8.3333 元/股。2020 年 9 月 30 日，友升股份完成了上述增资的工商变更登记手续，并取得了由上海市市场监督管理局换发的《营业执照》。",
AUTO-SUB-603418-003,603418,友升股份,603418_友升股份.jsonl,3,44,2020/9/27,第1批,上海骁墨,自然人/其他,180,1500,8.3333,8.3333,,,,人民币,"2020 年 9 月，金浦临港基金、金浦科创基金和上海骁墨与本次增资前公司股东泽升贸易、罗世兵、共青城泽升、达晨创联基金共同签署《投资协议》，约定金浦临港基金、金浦科创基金和上海骁墨分别以 7,000 万元、3,000 万元和1,500 万元认购发行人新增注册资本 840 万元、360 万元和 180 万元。2020 年 9 月 27 日，经友升股份 2020 年第二次临时股东大会审议通过，友升股份股本由 12,000 万元增加至 13,380 万元，新增注册资本由金浦临港基金出资 840 万元、金浦科创基金出资 360 万元、上海骁墨出资 180 万元，出资方式均为货币资金，新增股份的认购价格为 8.3333 元/股。2020 年 9 月 30 日，友升股份完成了上述增资的工商变更登记手续，并取得了由上海市市场监督管理局换发的《营业执照》。",
AUTO-SUB-603418-004,603418,友升股份,603418_友升股份.jsonl,4,45,2022/12/19,第2批,杉晖创业,自然人/其他,297.3333,10000,33.6323,33.6323,,,,人民币,"2022 年 12 月 4 日，友升股份召开第一届董事会第十六次会议，审议通过了《关于上海友升铝业股份有限公司增资的议案》，同意增加注册资本至14,480.1333 万元，新增股份的认购价格为 33.6323 元/股，新增股本的认购情况如下： | 序号 | 认购人 | 认购数量（万股） | 认购金额（万元） | 出资方式 | | 1 | 杉晖创业 | 297.3333 | 10,000.00 | 货币 | | 2 | 上海联炻 | 297.3333 | 10,000.00 | 货币 | | 3 | 安吉璞颉 | 148.6667 | 5,000.00 | 货币 | | 4 | 财投晨源 | 89.2000 | 3,000.00 | 货币 | | 5 | 深圳达晨创程 | 86.5984 | 2,912.50 | 货币 | | 6 | 杉创智至 | 59.4667 | 2,000.00 | 货币 | | 7 | 杭州达晨创程 | 51.9590 | 1,747.50 | 货币 | | 8 | 达晨财汇 | 29.7333 | 1,000.00 | 货币 | | 9 | 达晨财智 | 29.7333 | 1,000.00 | 货币 | | 10 | 财智创赢 | 10.1093 | 340.00 | 货币 | 合计 1,100.1333 37,000.00 / 2022 年 12 月 19 日，友升股份召开 2022 年第六次临时股东大会，审议通过了前述议案。2022 年 12 月 19 日，友升股份完成了上述增资的工商变更登记手续，并取得了由上海市市场监督管理局换发的《营业执照》。",
AUTO-SUB-603418-005,603418,友升股份,603418_友升股份.jsonl,5,45,2022/12/19,第2批,上海联炻,自然人/其他,297.3333,10000,33.6323,33.6323,,,,人民币,"2022 年 12 月 4 日，友升股份召开第一届董事会第十六次会议，审议通过了《关于上海友升铝业股份有限公司增资的议案》，同意增加注册资本至14,480.1333 万元，新增股份的认购价格为 33.6323 元/股，新增股本的认购情况如下： | 序号 | 认购人 | 认购数量（万股） | 认购金额（万元） | 出资方式 | | 1 | 杉晖创业 | 297.3333 | 10,000.00 | 货币 | | 2 | 上海联炻 | 297.3333 | 10,000.00 | 货币 | | 3 | 安吉璞颉 | 148.6667 | 5,000.00 | 货币 | | 4 | 财投晨源 | 89.2000 | 3,000.00 | 货币 | | 5 | 深圳达晨创程 | 86.5984 | 2,912.50 | 货币 | | 6 | 杉创智至 | 59.4667 | 2,000.00 | 货币 | | 7 | 杭州达晨创程 | 51.9590 | 1,747.50 | 货币 | | 8 | 达晨财汇 | 29.7333 | 1,000.00 | 货币 | | 9 | 达晨财智 | 29.7333 | 1,000.00 | 货币 | | 10 | 财智创赢 | 10.1093 | 340.00 | 货币 | 合计 1,100.1333 37,000.00 / 2022 年 12 月 19 日，友升股份召开 2022 年第六次临时股东大会，审议通过了前述议案。2022 年 12 月 19 日，友升股份完成了上述增资的工商变更登记手续，并取得了由上海市市场监督管理局换发的《营业执照》。",
AUTO-SUB-603418-006,603418,友升股份,603418_友升股份.jsonl,6,45,2022/12/19,第2批,安吉璞颉,自然人/其他,148.6667,5000,33.6323,33.6323,,,,人民币,"2022 年 12 月 4 日，友升股份召开第一届董事会第十六次会议，审议通过了《关于上海友升铝业股份有限公司增资的议案》，同意增加注册资本至14,480.1333 万元，新增股份的认购价格为 33.6323 元/股，新增股本的认购情况如下： | 序号 | 认购人 | 认购数量（万股） | 认购金额（万元） | 出资方式 | | 1 | 杉晖创业 | 297.3333 | 10,000.00 | 货币 | | 2 | 上海联炻 | 297.3333 | 10,000.00 | 货币 | | 3 | 安吉璞颉 | 148.6667 | 5,000.00 | 货币 | | 4 | 财投晨源 | 89.2000 | 3,000.00 | 货币 | | 5 | 深圳达晨创程 | 86.5984 | 2,912.50 | 货币 | | 6 | 杉创智至 | 59.4667 | 2,000.00 | 货币 | | 7 | 杭州达晨创程 | 51.9590 | 1,747.50 | 货币 | | 8 | 达晨财汇 | 29.7333 | 1,000.00 | 货币 | | 9 | 达晨财智 | 29.7333 | 1,000.00 | 货币 | | 10 | 财智创赢 | 10.1093 | 340.00 | 货币 | 合计 1,100.1333 37,000.00 / 2022 年 12 月 19 日，友升股份召开 2022 年第六次临时股东大会，审议通过了前述议案。2022 年 12 月 19 日，友升股份完成了上述增资的工商变更登记手续，并取得了由上海市市场监督管理局换发的《营业执照》。",
AUTO-SUB-603418-007,603418,友升股份,603418_友升股份.jsonl,7,45,2022/12/19,第2批,财投晨源,自然人/其他,89.2,3000,33.6323,33.6323,,,,人民币,"2022 年 12 月 4 日，友升股份召开第一届董事会第十六次会议，审议通过了《关于上海友升铝业股份有限公司增资的议案》，同意增加注册资本至14,480.1333 万元，新增股份的认购价格为 33.6323 元/股，新增股本的认购情况如下： | 序号 | 认购人 | 认购数量（万股） | 认购金额（万元） | 出资方式 | | 1 | 杉晖创业 | 297.3333 | 10,000.00 | 货币 | | 2 | 上海联炻 | 297.3333 | 10,000.00 | 货币 | | 3 | 安吉璞颉 | 148.6667 | 5,000.00 | 货币 | | 4 | 财投晨源 | 89.2000 | 3,000.00 | 货币 | | 5 | 深圳达晨创程 | 86.5984 | 2,912.50 | 货币 | | 6 | 杉创智至 | 59.4667 | 2,000.00 | 货币 | | 7 | 杭州达晨创程 | 51.9590 | 1,747.50 | 货币 | | 8 | 达晨财汇 | 29.7333 | 1,000.00 | 货币 | | 9 | 达晨财智 | 29.7333 | 1,000.00 | 货币 | | 10 | 财智创赢 | 10.1093 | 340.00 | 货币 | 合计 1,100.1333 37,000.00 / 2022 年 12 月 19 日，友升股份召开 2022 年第六次临时股东大会，审议通过了前述议案。2022 年 12 月 19 日，友升股份完成了上述增资的工商变更登记手续，并取得了由上海市市场监督管理局换发的《营业执照》。",
AUTO-SUB-603418-008,603418,友升股份,603418_友升股份.jsonl,8,45,2022/12/19,第2批,深圳达晨创程,PE/VC或私募基金,86.5984,2912.5,33.6323,33.6323,,,,人民币,"2022 年 12 月 4 日，友升股份召开第一届董事会第十六次会议，审议通过了《关于上海友升铝业股份有限公司增资的议案》，同意增加注册资本至14,480.1333 万元，新增股份的认购价格为 33.6323 元/股，新增股本的认购情况如下： | 序号 | 认购人 | 认购数量（万股） | 认购金额（万元） | 出资方式 | | 1 | 杉晖创业 | 297.3333 | 10,000.00 | 货币 | | 2 | 上海联炻 | 297.3333 | 10,000.00 | 货币 | | 3 | 安吉璞颉 | 148.6667 | 5,000.00 | 货币 | | 4 | 财投晨源 | 89.2000 | 3,000.00 | 货币 | | 5 | 深圳达晨创程 | 86.5984 | 2,912.50 | 货币 | | 6 | 杉创智至 | 59.4667 | 2,000.00 | 货币 | | 7 | 杭州达晨创程 | 51.9590 | 1,747.50 | 货币 | | 8 | 达晨财汇 | 29.7333 | 1,000.00 | 货币 | | 9 | 达晨财智 | 29.7333 | 1,000.00 | 货币 | | 10 | 财智创赢 | 10.1093 | 340.00 | 货币 | 合计 1,100.1333 37,000.00 / 2022 年 12 月 19 日，友升股份召开 2022 年第六次临时股东大会，审议通过了前述议案。2022 年 12 月 19 日，友升股份完成了上述增资的工商变更登记手续，并取得了由上海市市场监督管理局换发的《营业执照》。",
AUTO-SUB-603418-009,603418,友升股份,603418_友升股份.jsonl,9,45,2022/12/19,第2批,杉创智至,自然人/其他,59.4667,2000,33.6323,33.6323,,,,人民币,"2022 年 12 月 4 日，友升股份召开第一届董事会第十六次会议，审议通过了《关于上海友升铝业股份有限公司增资的议案》，同意增加注册资本至14,480.1333 万元，新增股份的认购价格为 33.6323 元/股，新增股本的认购情况如下： | 序号 | 认购人 | 认购数量（万股） | 认购金额（万元） | 出资方式 | | 1 | 杉晖创业 | 297.3333 | 10,000.00 | 货币 | | 2 | 上海联炻 | 297.3333 | 10,000.00 | 货币 | | 3 | 安吉璞颉 | 148.6667 | 5,000.00 | 货币 | | 4 | 财投晨源 | 89.2000 | 3,000.00 | 货币 | | 5 | 深圳达晨创程 | 86.5984 | 2,912.50 | 货币 | | 6 | 杉创智至 | 59.4667 | 2,000.00 | 货币 | | 7 | 杭州达晨创程 | 51.9590 | 1,747.50 | 货币 | | 8 | 达晨财汇 | 29.7333 | 1,000.00 | 货币 | | 9 | 达晨财智 | 29.7333 | 1,000.00 | 货币 | | 10 | 财智创赢 | 10.1093 | 340.00 | 货币 | 合计 1,100.1333 37,000.00 / 2022 年 12 月 19 日，友升股份召开 2022 年第六次临时股东大会，审议通过了前述议案。2022 年 12 月 19 日，友升股份完成了上述增资的工商变更登记手续，并取得了由上海市市场监督管理局换发的《营业执照》。",
AUTO-SUB-603418-010,603418,友升股份,603418_友升股份.jsonl,10,45,2022/12/19,第2批,杭州达晨创程,PE/VC或私募基金,51.959,1747.5,33.6323,33.6323,,,,人民币,"2022 年 12 月 4 日，友升股份召开第一届董事会第十六次会议，审议通过了《关于上海友升铝业股份有限公司增资的议案》，同意增加注册资本至14,480.1333 万元，新增股份的认购价格为 33.6323 元/股，新增股本的认购情况如下： | 序号 | 认购人 | 认购数量（万股） | 认购金额（万元） | 出资方式 | | 1 | 杉晖创业 | 297.3333 | 10,000.00 | 货币 | | 2 | 上海联炻 | 297.3333 | 10,000.00 | 货币 | | 3 | 安吉璞颉 | 148.6667 | 5,000.00 | 货币 | | 4 | 财投晨源 | 89.2000 | 3,000.00 | 货币 | | 5 | 深圳达晨创程 | 86.5984 | 2,912.50 | 货币 | | 6 | 杉创智至 | 59.4667 | 2,000.00 | 货币 | | 7 | 杭州达晨创程 | 51.9590 | 1,747.50 | 货币 | | 8 | 达晨财汇 | 29.7333 | 1,000.00 | 货币 | | 9 | 达晨财智 | 29.7333 | 1,000.00 | 货币 | | 10 | 财智创赢 | 10.1093 | 340.00 | 货币 | 合计 1,100.1333 37,000.00 / 2022 年 12 月 19 日，友升股份召开 2022 年第六次临时股东大会，审议通过了前述议案。2022 年 12 月 19 日，友升股份完成了上述增资的工商变更登记手续，并取得了由上海市市场监督管理局换发的《营业执照》。",
AUTO-SUB-603418-011,603418,友升股份,603418_友升股份.jsonl,11,45,2022/12/19,第2批,达晨财汇,PE/VC或私募基金,29.7333,1000,33.6323,33.6323,,,,人民币,"2022 年 12 月 4 日，友升股份召开第一届董事会第十六次会议，审议通过了《关于上海友升铝业股份有限公司增资的议案》，同意增加注册资本至14,480.1333 万元，新增股份的认购价格为 33.6323 元/股，新增股本的认购情况如下： | 序号 | 认购人 | 认购数量（万股） | 认购金额（万元） | 出资方式 | | 1 | 杉晖创业 | 297.3333 | 10,000.00 | 货币 | | 2 | 上海联炻 | 297.3333 | 10,000.00 | 货币 | | 3 | 安吉璞颉 | 148.6667 | 5,000.00 | 货币 | | 4 | 财投晨源 | 89.2000 | 3,000.00 | 货币 | | 5 | 深圳达晨创程 | 86.5984 | 2,912.50 | 货币 | | 6 | 杉创智至 | 59.4667 | 2,000.00 | 货币 | | 7 | 杭州达晨创程 | 51.9590 | 1,747.50 | 货币 | | 8 | 达晨财汇 | 29.7333 | 1,000.00 | 货币 | | 9 | 达晨财智 | 29.7333 | 1,000.00 | 货币 | | 10 | 财智创赢 | 10.1093 | 340.00 | 货币 | 合计 1,100.1333 37,000.00 / 2022 年 12 月 19 日，友升股份召开 2022 年第六次临时股东大会，审议通过了前述议案。2022 年 12 月 19 日，友升股份完成了上述增资的工商变更登记手续，并取得了由上海市市场监督管理局换发的《营业执照》。",
AUTO-SUB-603418-012,603418,友升股份,603418_友升股份.jsonl,12,45,2022/12/19,第2批,达晨财智,PE/VC或私募基金,29.7333,1000,33.6323,33.6323,,,,人民币,"2022 年 12 月 4 日，友升股份召开第一届董事会第十六次会议，审议通过了《关于上海友升铝业股份有限公司增资的议案》，同意增加注册资本至14,480.1333 万元，新增股份的认购价格为 33.6323 元/股，新增股本的认购情况如下： | 序号 | 认购人 | 认购数量（万股） | 认购金额（万元） | 出资方式 | | 1 | 杉晖创业 | 297.3333 | 10,000.00 | 货币 | | 2 | 上海联炻 | 297.3333 | 10,000.00 | 货币 | | 3 | 安吉璞颉 | 148.6667 | 5,000.00 | 货币 | | 4 | 财投晨源 | 89.2000 | 3,000.00 | 货币 | | 5 | 深圳达晨创程 | 86.5984 | 2,912.50 | 货币 | | 6 | 杉创智至 | 59.4667 | 2,000.00 | 货币 | | 7 | 杭州达晨创程 | 51.9590 | 1,747.50 | 货币 | | 8 | 达晨财汇 | 29.7333 | 1,000.00 | 货币 | | 9 | 达晨财智 | 29.7333 | 1,000.00 | 货币 | | 10 | 财智创赢 | 10.1093 | 340.00 | 货币 | 合计 1,100.1333 37,000.00 / 2022 年 12 月 19 日，友升股份召开 2022 年第六次临时股东大会，审议通过了前述议案。2022 年 12 月 19 日，友升股份完成了上述增资的工商变更登记手续，并取得了由上海市市场监督管理局换发的《营业执照》。",
AUTO-SUB-603418-013,603418,友升股份,603418_友升股份.jsonl,13,45,2022/12/19,第2批,财智创赢,自然人/其他,10.1093,340,33.6323,33.6324,,,,人民币,"2022 年 12 月 4 日，友升股份召开第一届董事会第十六次会议，审议通过了《关于上海友升铝业股份有限公司增资的议案》，同意增加注册资本至14,480.1333 万元，新增股份的认购价格为 33.6323 元/股，新增股本的认购情况如下： | 序号 | 认购人 | 认购数量（万股） | 认购金额（万元） | 出资方式 | | 1 | 杉晖创业 | 297.3333 | 10,000.00 | 货币 | | 2 | 上海联炻 | 297.3333 | 10,000.00 | 货币 | | 3 | 安吉璞颉 | 148.6667 | 5,000.00 | 货币 | | 4 | 财投晨源 | 89.2000 | 3,000.00 | 货币 | | 5 | 深圳达晨创程 | 86.5984 | 2,912.50 | 货币 | | 6 | 杉创智至 | 59.4667 | 2,000.00 | 货币 | | 7 | 杭州达晨创程 | 51.9590 | 1,747.50 | 货币 | | 8 | 达晨财汇 | 29.7333 | 1,000.00 | 货币 | | 9 | 达晨财智 | 29.7333 | 1,000.00 | 货币 | | 10 | 财智创赢 | 10.1093 | 340.00 | 货币 | 合计 1,100.1333 37,000.00 / 2022 年 12 月 19 日，友升股份召开 2022 年第六次临时股东大会，审议通过了前述议案。2022 年 12 月 19 日，友升股份完成了上述增资的工商变更登记手续，并取得了由上海市市场监督管理局换发的《营业执照》。",
AUTO-SUB-688758-001,688758,赛分科技,688758_赛分科技.jsonl,1,59,2021/10/28,,源峰磐赛,自然人/其他,1571815,20000,,0.0127,,,,人民币,"苏州赛分科技股份有限公司 首次公开发行股票并在科创板上市招股说明书 4、2021年 11月，报告期内第二次增资 2021年10月28日，赛分科技召开 2021年第一次临时股东大会，决议同意 赛分科技增发股份 4,243,901 股，新增股份由新增股东源峰磐赛、珠海峦恒、高 瓴祈睿、国药中生、圣成投资、国药二期、圣祁投资、夏尔巴二期、甘李药业、 吴征涛认购。 2021 年 10 月 28 日，上述新增股东与赛分科技签署了《增资协议》。截至 2021年11月，上述新增股东已支付完毕全部增资款。 本次增资具体情况如下： 认购股份 股份价格 认购金额 序号 股东姓名/名称 出资方式 （股） （元/股） （万元） 1 源峰磐赛 1,571,815 20,000.00 货币 2 珠海峦恒 628,726 8,000.00 货币 3 高瓴祈睿 628,726 8,000.00 货币 4 国药中生 461,846 5,876.59 货币 5 圣成投资 9,699 123.41 货币 127.24 6 国药二期 155,625 1,980.20 货币 7 圣祁投资 1,556 19.80 货币 8 夏尔巴二期 392,954 5,000.00 货币 9 甘李药业 235,772 3,000.00 货币 10 吴征涛 157,182 2,000.00 货币 合计 4,243,901 - 54,000.",PDF未直接披露单价，按金额/股份计算|计算单价疑似单位异常，需人工复核
AUTO-SUB-688758-002,688758,赛分科技,688758_赛分科技.jsonl,2,59,2021/10/28,,珠海峦恒,自然人/其他,628726,8000,,0.0127,,,,人民币,"苏州赛分科技股份有限公司 首次公开发行股票并在科创板上市招股说明书 4、2021年 11月，报告期内第二次增资 2021年10月28日，赛分科技召开 2021年第一次临时股东大会，决议同意 赛分科技增发股份 4,243,901 股，新增股份由新增股东源峰磐赛、珠海峦恒、高 瓴祈睿、国药中生、圣成投资、国药二期、圣祁投资、夏尔巴二期、甘李药业、 吴征涛认购。 2021 年 10 月 28 日，上述新增股东与赛分科技签署了《增资协议》。截至 2021年11月，上述新增股东已支付完毕全部增资款。 本次增资具体情况如下： 认购股份 股份价格 认购金额 序号 股东姓名/名称 出资方式 （股） （元/股） （万元） 1 源峰磐赛 1,571,815 20,000.00 货币 2 珠海峦恒 628,726 8,000.00 货币 3 高瓴祈睿 628,726 8,000.00 货币 4 国药中生 461,846 5,876.59 货币 5 圣成投资 9,699 123.41 货币 127.24 6 国药二期 155,625 1,980.20 货币 7 圣祁投资 1,556 19.80 货币 8 夏尔巴二期 392,954 5,000.00 货币 9 甘李药业 235,772 3,000.00 货币 10 吴征涛 157,182 2,000.00 货币 合计 4,243,901 - 54,000.",PDF未直接披露单价，按金额/股份计算|计算单价疑似单位异常，需人工复核
AUTO-SUB-688758-003,688758,赛分科技,688758_赛分科技.jsonl,3,59,2021/10/28,,高瓴祈睿,PE/VC或私募基金,628726,8000,,0.0127,,,,人民币,"苏州赛分科技股份有限公司 首次公开发行股票并在科创板上市招股说明书 4、2021年 11月，报告期内第二次增资 2021年10月28日，赛分科技召开 2021年第一次临时股东大会，决议同意 赛分科技增发股份 4,243,901 股，新增股份由新增股东源峰磐赛、珠海峦恒、高 瓴祈睿、国药中生、圣成投资、国药二期、圣祁投资、夏尔巴二期、甘李药业、 吴征涛认购。 2021 年 10 月 28 日，上述新增股东与赛分科技签署了《增资协议》。截至 2021年11月，上述新增股东已支付完毕全部增资款。 本次增资具体情况如下： 认购股份 股份价格 认购金额 序号 股东姓名/名称 出资方式 （股） （元/股） （万元） 1 源峰磐赛 1,571,815 20,000.00 货币 2 珠海峦恒 628,726 8,000.00 货币 3 高瓴祈睿 628,726 8,000.00 货币 4 国药中生 461,846 5,876.59 货币 5 圣成投资 9,699 123.41 货币 127.24 6 国药二期 155,625 1,980.20 货币 7 圣祁投资 1,556 19.80 货币 8 夏尔巴二期 392,954 5,000.00 货币 9 甘李药业 235,772 3,000.00 货币 10 吴征涛 157,182 2,000.00 货币 合计 4,243,901 - 54,000.",PDF未直接披露单价，按金额/股份计算|计算单价疑似单位异常，需人工复核
AUTO-SUB-688758-004,688758,赛分科技,688758_赛分科技.jsonl,4,59,2021/10/28,,国药中生,自然人/其他,461846,5876.59,,0.0127,,,,人民币,"苏州赛分科技股份有限公司 首次公开发行股票并在科创板上市招股说明书 4、2021年 11月，报告期内第二次增资 2021年10月28日，赛分科技召开 2021年第一次临时股东大会，决议同意 赛分科技增发股份 4,243,901 股，新增股份由新增股东源峰磐赛、珠海峦恒、高 瓴祈睿、国药中生、圣成投资、国药二期、圣祁投资、夏尔巴二期、甘李药业、 吴征涛认购。 2021 年 10 月 28 日，上述新增股东与赛分科技签署了《增资协议》。截至 2021年11月，上述新增股东已支付完毕全部增资款。 本次增资具体情况如下： 认购股份 股份价格 认购金额 序号 股东姓名/名称 出资方式 （股） （元/股） （万元） 1 源峰磐赛 1,571,815 20,000.00 货币 2 珠海峦恒 628,726 8,000.00 货币 3 高瓴祈睿 628,726 8,000.00 货币 4 国药中生 461,846 5,876.59 货币 5 圣成投资 9,699 123.41 货币 127.24 6 国药二期 155,625 1,980.20 货币 7 圣祁投资 1,556 19.80 货币 8 夏尔巴二期 392,954 5,000.00 货币 9 甘李药业 235,772 3,000.00 货币 10 吴征涛 157,182 2,000.00 货币 合计 4,243,901 - 54,000.",PDF未直接披露单价，按金额/股份计算|计算单价疑似单位异常，需人工复核
AUTO-SUB-688758-005,688758,赛分科技,688758_赛分科技.jsonl,5,59,2021/10/28,,圣成投资,自然人/其他,9699,123.41,,0.0127,,,,人民币,"苏州赛分科技股份有限公司 首次公开发行股票并在科创板上市招股说明书 4、2021年 11月，报告期内第二次增资 2021年10月28日，赛分科技召开 2021年第一次临时股东大会，决议同意 赛分科技增发股份 4,243,901 股，新增股份由新增股东源峰磐赛、珠海峦恒、高 瓴祈睿、国药中生、圣成投资、国药二期、圣祁投资、夏尔巴二期、甘李药业、 吴征涛认购。 2021 年 10 月 28 日，上述新增股东与赛分科技签署了《增资协议》。截至 2021年11月，上述新增股东已支付完毕全部增资款。 本次增资具体情况如下： 认购股份 股份价格 认购金额 序号 股东姓名/名称 出资方式 （股） （元/股） （万元） 1 源峰磐赛 1,571,815 20,000.00 货币 2 珠海峦恒 628,726 8,000.00 货币 3 高瓴祈睿 628,726 8,000.00 货币 4 国药中生 461,846 5,876.59 货币 5 圣成投资 9,699 123.41 货币 127.24 6 国药二期 155,625 1,980.20 货币 7 圣祁投资 1,556 19.80 货币 8 夏尔巴二期 392,954 5,000.00 货币 9 甘李药业 235,772 3,000.00 货币 10 吴征涛 157,182 2,000.00 货币 合计 4,243,901 - 54,000.",PDF未直接披露单价，按金额/股份计算|计算单价疑似单位异常，需人工复核
AUTO-SUB-688758-006,688758,赛分科技,688758_赛分科技.jsonl,6,59,2021/10/28,,国药二期,自然人/其他,155625,1980.2,,0.0127,,,,人民币,"苏州赛分科技股份有限公司 首次公开发行股票并在科创板上市招股说明书 4、2021年 11月，报告期内第二次增资 2021年10月28日，赛分科技召开 2021年第一次临时股东大会，决议同意 赛分科技增发股份 4,243,901 股，新增股份由新增股东源峰磐赛、珠海峦恒、高 瓴祈睿、国药中生、圣成投资、国药二期、圣祁投资、夏尔巴二期、甘李药业、 吴征涛认购。 2021 年 10 月 28 日，上述新增股东与赛分科技签署了《增资协议》。截至 2021年11月，上述新增股东已支付完毕全部增资款。 本次增资具体情况如下： 认购股份 股份价格 认购金额 序号 股东姓名/名称 出资方式 （股） （元/股） （万元） 1 源峰磐赛 1,571,815 20,000.00 货币 2 珠海峦恒 628,726 8,000.00 货币 3 高瓴祈睿 628,726 8,000.00 货币 4 国药中生 461,846 5,876.59 货币 5 圣成投资 9,699 123.41 货币 127.24 6 国药二期 155,625 1,980.20 货币 7 圣祁投资 1,556 19.80 货币 8 夏尔巴二期 392,954 5,000.00 货币 9 甘李药业 235,772 3,000.00 货币 10 吴征涛 157,182 2,000.00 货币 合计 4,243,901 - 54,000.",PDF未直接披露单价，按金额/股份计算|计算单价疑似单位异常，需人工复核
AUTO-SUB-688758-007,688758,赛分科技,688758_赛分科技.jsonl,7,59,2021/10/28,,圣祁投资,自然人/其他,1556,19.8,,0.0127,,,,人民币,"苏州赛分科技股份有限公司 首次公开发行股票并在科创板上市招股说明书 4、2021年 11月，报告期内第二次增资 2021年10月28日，赛分科技召开 2021年第一次临时股东大会，决议同意 赛分科技增发股份 4,243,901 股，新增股份由新增股东源峰磐赛、珠海峦恒、高 瓴祈睿、国药中生、圣成投资、国药二期、圣祁投资、夏尔巴二期、甘李药业、 吴征涛认购。 2021 年 10 月 28 日，上述新增股东与赛分科技签署了《增资协议》。截至 2021年11月，上述新增股东已支付完毕全部增资款。 本次增资具体情况如下： 认购股份 股份价格 认购金额 序号 股东姓名/名称 出资方式 （股） （元/股） （万元） 1 源峰磐赛 1,571,815 20,000.00 货币 2 珠海峦恒 628,726 8,000.00 货币 3 高瓴祈睿 628,726 8,000.00 货币 4 国药中生 461,846 5,876.59 货币 5 圣成投资 9,699 123.41 货币 127.24 6 国药二期 155,625 1,980.20 货币 7 圣祁投资 1,556 19.80 货币 8 夏尔巴二期 392,954 5,000.00 货币 9 甘李药业 235,772 3,000.00 货币 10 吴征涛 157,182 2,000.00 货币 合计 4,243,901 - 54,000.",PDF未直接披露单价，按金额/股份计算|计算单价疑似单位异常，需人工复核
AUTO-SUB-688758-008,688758,赛分科技,688758_赛分科技.jsonl,8,59,2021/10/28,,夏尔巴二期,自然人/其他,392954,5000,,0.0127,,,,人民币,"苏州赛分科技股份有限公司 首次公开发行股票并在科创板上市招股说明书 4、2021年 11月，报告期内第二次增资 2021年10月28日，赛分科技召开 2021年第一次临时股东大会，决议同意 赛分科技增发股份 4,243,901 股，新增股份由新增股东源峰磐赛、珠海峦恒、高 瓴祈睿、国药中生、圣成投资、国药二期、圣祁投资、夏尔巴二期、甘李药业、 吴征涛认购。 2021 年 10 月 28 日，上述新增股东与赛分科技签署了《增资协议》。截至 2021年11月，上述新增股东已支付完毕全部增资款。 本次增资具体情况如下： 认购股份 股份价格 认购金额 序号 股东姓名/名称 出资方式 （股） （元/股） （万元） 1 源峰磐赛 1,571,815 20,000.00 货币 2 珠海峦恒 628,726 8,000.00 货币 3 高瓴祈睿 628,726 8,000.00 货币 4 国药中生 461,846 5,876.59 货币 5 圣成投资 9,699 123.41 货币 127.24 6 国药二期 155,625 1,980.20 货币 7 圣祁投资 1,556 19.80 货币 8 夏尔巴二期 392,954 5,000.00 货币 9 甘李药业 235,772 3,000.00 货币 10 吴征涛 157,182 2,000.00 货币 合计 4,243,901 - 54,000.",PDF未直接披露单价，按金额/股份计算|计算单价疑似单位异常，需人工复核
AUTO-SUB-688758-009,688758,赛分科技,688758_赛分科技.jsonl,9,59,2021/10/28,,甘李药业,自然人/其他,235772,3000,,0.0127,,,,人民币,"苏州赛分科技股份有限公司 首次公开发行股票并在科创板上市招股说明书 4、2021年 11月，报告期内第二次增资 2021年10月28日，赛分科技召开 2021年第一次临时股东大会，决议同意 赛分科技增发股份 4,243,901 股，新增股份由新增股东源峰磐赛、珠海峦恒、高 瓴祈睿、国药中生、圣成投资、国药二期、圣祁投资、夏尔巴二期、甘李药业、 吴征涛认购。 2021 年 10 月 28 日，上述新增股东与赛分科技签署了《增资协议》。截至 2021年11月，上述新增股东已支付完毕全部增资款。 本次增资具体情况如下： 认购股份 股份价格 认购金额 序号 股东姓名/名称 出资方式 （股） （元/股） （万元） 1 源峰磐赛 1,571,815 20,000.00 货币 2 珠海峦恒 628,726 8,000.00 货币 3 高瓴祈睿 628,726 8,000.00 货币 4 国药中生 461,846 5,876.59 货币 5 圣成投资 9,699 123.41 货币 127.24 6 国药二期 155,625 1,980.20 货币 7 圣祁投资 1,556 19.80 货币 8 夏尔巴二期 392,954 5,000.00 货币 9 甘李药业 235,772 3,000.00 货币 10 吴征涛 157,182 2,000.00 货币 合计 4,243,901 - 54,000.",PDF未直接披露单价，按金额/股份计算|计算单价疑似单位异常，需人工复核
AUTO-SUB-688758-010,688758,赛分科技,688758_赛分科技.jsonl,10,59,2021/10/28,,吴征涛,自然人/其他,157182,2000,,0.0127,,,,人民币,"苏州赛分科技股份有限公司 首次公开发行股票并在科创板上市招股说明书 4、2021年 11月，报告期内第二次增资 2021年10月28日，赛分科技召开 2021年第一次临时股东大会，决议同意 赛分科技增发股份 4,243,901 股，新增股份由新增股东源峰磐赛、珠海峦恒、高 瓴祈睿、国药中生、圣成投资、国药二期、圣祁投资、夏尔巴二期、甘李药业、 吴征涛认购。 2021 年 10 月 28 日，上述新增股东与赛分科技签署了《增资协议》。截至 2021年11月，上述新增股东已支付完毕全部增资款。 本次增资具体情况如下： 认购股份 股份价格 认购金额 序号 股东姓名/名称 出资方式 （股） （元/股） （万元） 1 源峰磐赛 1,571,815 20,000.00 货币 2 珠海峦恒 628,726 8,000.00 货币 3 高瓴祈睿 628,726 8,000.00 货币 4 国药中生 461,846 5,876.59 货币 5 圣成投资 9,699 123.41 货币 127.24 6 国药二期 155,625 1,980.20 货币 7 圣祁投资 1,556 19.80 货币 8 夏尔巴二期 392,954 5,000.00 货币 9 甘李药业 235,772 3,000.00 货币 10 吴征涛 157,182 2,000.00 货币 合计 4,243,901 - 54,000.",PDF未直接披露单价，按金额/股份计算|计算单价疑似单位异常，需人工复核
AUTO-SUB-920100-001,920100,三协电机,920100_三协电机.jsonl,1,31-32,2022/9/1,第1批,深圳市稳正景明创业投资企业（有限合伙）,PE/VC或私募基金,352.6786,1580.0001,4.48,4.48,,,,人民币,"2022年6月24日，公司召开第二届董事会第四次会议审议通过了《关于<常州三协电机股份有限公司股票定向发行说明书>的议案》。2022年7月9日，公司召开2022年第一次临时股东大会，审议通过了上述议案。本次股票发行价格为4.48元/股，共发行普通股530.00万股，募集资金总额为2,374.40万元，募集资金用途为补充流动资金。2022年7月29日，全国股转公司就公司本次股票发行事项出具了《关于对常州三协电机股份有限公司股票定向发行无异议的函》（股转函〔2022〕1807号）。2022年8月15日，苏亚金诚出具《验资报告》（苏亚锡验[2022]7号），经审验，截至2022年8月9日，公司已收到稳正景明、长泽创投缴纳的出资款2,374.40万元。本次股票发行新增股份于2022年9月1日在股转系统挂牌并公开转让。（PDF第31-32页） 注：稳正景明与长泽创投的个别认购股数未在招股说明书中单独披露。此处按当前持股比例(经2023年每10股转增3.80股权益分派还原后)反向推算：稳正景明约3,526,786股(占比66.54%)，长泽创投约1,773,214股(占比33.46%)。",
AUTO-SUB-920100-002,920100,三协电机,920100_三协电机.jsonl,2,31-32,2022/9/1,第1批,深圳市稳正长泽创业投资企业（有限合伙）,PE/VC或私募基金,177.3214,794.3999,4.48,4.48,,,,人民币,"2022年6月24日，公司召开第二届董事会第四次会议审议通过了《关于<常州三协电机股份有限公司股票定向发行说明书>的议案》。2022年7月9日，公司召开2022年第一次临时股东大会，审议通过了上述议案。本次股票发行价格为4.48元/股，共发行普通股530.00万股，募集资金总额为2,374.40万元，募集资金用途为补充流动资金。2022年7月29日，全国股转公司就公司本次股票发行事项出具了《关于对常州三协电机股份有限公司股票定向发行无异议的函》（股转函〔2022〕1807号）。2022年8月15日，苏亚金诚出具《验资报告》（苏亚锡验[2022]7号），经审验，截至2022年8月9日，公司已收到稳正景明、长泽创投缴纳的出资款2,374.40万元。本次股票发行新增股份于2022年9月1日在股转系统挂牌并公开转让。（PDF第31-32页） 注：稳正景明与长泽创投的个别认购股数未在招股说明书中单独披露。此处按当前持股比例(经2023年每10股转增3.80股权益分派还原后)反向推算：稳正景明约3,526,786股(占比66.54%)，长泽创投约1,773,214股(占比33.46%)。",
AUTO-SUB-920100-003,920100,三协电机,920100_三协电机.jsonl,3,"32,37-38",2023/10/23,第2批,盛祎,自然人/其他,176.5,954.865,5.41,5.41,,,,人民币,"2023年5月26日，公司召开第二届董事会第十三次会议审议通过了《关于<常州三协电机股份有限公司股票定向发行说明书>的议案》。2023年6月15日，公司召开2023年第三次临时股东大会，审议通过了上述议案。本次股票拟发行价格为5.41元/股，拟发行普通股321.50万股，拟募集资金总额为1,739.32万元，募集资金用途为补充流动资金。2023年7月5日，全国股转公司就公司本次股票发行事项出具了《关于同意常州三协电机股份有限公司股票定向发行的函》（股转函〔2023〕1295号）。2023年9月8日，苏亚金诚出具《验资报告》（苏亚验[2023]10号），经审验，截至2023年9月6日，公司已收到盛祎、盛松、薛小丽、倪进宽、余方成、吴春扣、陆宇君、戈翔俊、陈都亮、圣利、董雪强、文涛、付荷庆、陈韵和盛月瑶15名认购人缴纳的出资款1,723.09万元。本次股票发行新增股份于2023年10月23日在股转系统挂牌并公开转让。（PDF第32页）。 注：各认购人个别股数招股说明书未单独披露，此处按当前持股数÷1.38（2023年每10股转增3.80股权益分派）反向推算，与验资总额1,723.09万元一致。",
AUTO-SUB-920100-004,920100,三协电机,920100_三协电机.jsonl,4,"32,37-38",2023/10/23,第2批,盛松,自然人/其他,15,81.15,5.41,5.41,,,,人民币,"2023年5月26日，公司召开第二届董事会第十三次会议审议通过了《关于<常州三协电机股份有限公司股票定向发行说明书>的议案》。2023年6月15日，公司召开2023年第三次临时股东大会，审议通过了上述议案。本次股票拟发行价格为5.41元/股，拟发行普通股321.50万股，拟募集资金总额为1,739.32万元，募集资金用途为补充流动资金。2023年7月5日，全国股转公司就公司本次股票发行事项出具了《关于同意常州三协电机股份有限公司股票定向发行的函》（股转函〔2023〕1295号）。2023年9月8日，苏亚金诚出具《验资报告》（苏亚验[2023]10号），经审验，截至2023年9月6日，公司已收到盛祎、盛松、薛小丽、倪进宽、余方成、吴春扣、陆宇君、戈翔俊、陈都亮、圣利、董雪强、文涛、付荷庆、陈韵和盛月瑶15名认购人缴纳的出资款1,723.09万元。本次股票发行新增股份于2023年10月23日在股转系统挂牌并公开转让。（PDF第32页）。 注：各认购人个别股数招股说明书未单独披露，此处按当前持股数÷1.38（2023年每10股转增3.80股权益分派）反向推算，与验资总额1,723.09万元一致。",
AUTO-SUB-920100-005,920100,三协电机,920100_三协电机.jsonl,5,"32,37-38",2023/10/23,第2批,薛小丽,自然人/其他,15,81.15,5.41,5.41,,,,人民币,"2023年5月26日，公司召开第二届董事会第十三次会议审议通过了《关于<常州三协电机股份有限公司股票定向发行说明书>的议案》。2023年6月15日，公司召开2023年第三次临时股东大会，审议通过了上述议案。本次股票拟发行价格为5.41元/股，拟发行普通股321.50万股，拟募集资金总额为1,739.32万元，募集资金用途为补充流动资金。2023年7月5日，全国股转公司就公司本次股票发行事项出具了《关于同意常州三协电机股份有限公司股票定向发行的函》（股转函〔2023〕1295号）。2023年9月8日，苏亚金诚出具《验资报告》（苏亚验[2023]10号），经审验，截至2023年9月6日，公司已收到盛祎、盛松、薛小丽、倪进宽、余方成、吴春扣、陆宇君、戈翔俊、陈都亮、圣利、董雪强、文涛、付荷庆、陈韵和盛月瑶15名认购人缴纳的出资款1,723.09万元。本次股票发行新增股份于2023年10月23日在股转系统挂牌并公开转让。（PDF第32页）。 注：各认购人个别股数招股说明书未单独披露，此处按当前持股数÷1.38（2023年每10股转增3.80股权益分派）反向推算，与验资总额1,723.09万元一致。",
AUTO-SUB-920100-006,920100,三协电机,920100_三协电机.jsonl,6,"32,37-38",2023/10/23,第2批,倪进宽,自然人/其他,15,81.15,5.41,5.41,,,,人民币,"2023年5月26日，公司召开第二届董事会第十三次会议审议通过了《关于<常州三协电机股份有限公司股票定向发行说明书>的议案》。2023年6月15日，公司召开2023年第三次临时股东大会，审议通过了上述议案。本次股票拟发行价格为5.41元/股，拟发行普通股321.50万股，拟募集资金总额为1,739.32万元，募集资金用途为补充流动资金。2023年7月5日，全国股转公司就公司本次股票发行事项出具了《关于同意常州三协电机股份有限公司股票定向发行的函》（股转函〔2023〕1295号）。2023年9月8日，苏亚金诚出具《验资报告》（苏亚验[2023]10号），经审验，截至2023年9月6日，公司已收到盛祎、盛松、薛小丽、倪进宽、余方成、吴春扣、陆宇君、戈翔俊、陈都亮、圣利、董雪强、文涛、付荷庆、陈韵和盛月瑶15名认购人缴纳的出资款1,723.09万元。本次股票发行新增股份于2023年10月23日在股转系统挂牌并公开转让。（PDF第32页）。 注：各认购人个别股数招股说明书未单独披露，此处按当前持股数÷1.38（2023年每10股转增3.80股权益分派）反向推算，与验资总额1,723.09万元一致。",
AUTO-SUB-920100-007,920100,三协电机,920100_三协电机.jsonl,7,"32,37-38",2023/10/23,第2批,余方成,自然人/其他,15,81.15,5.41,5.41,,,,人民币,"2023年5月26日，公司召开第二届董事会第十三次会议审议通过了《关于<常州三协电机股份有限公司股票定向发行说明书>的议案》。2023年6月15日，公司召开2023年第三次临时股东大会，审议通过了上述议案。本次股票拟发行价格为5.41元/股，拟发行普通股321.50万股，拟募集资金总额为1,739.32万元，募集资金用途为补充流动资金。2023年7月5日，全国股转公司就公司本次股票发行事项出具了《关于同意常州三协电机股份有限公司股票定向发行的函》（股转函〔2023〕1295号）。2023年9月8日，苏亚金诚出具《验资报告》（苏亚验[2023]10号），经审验，截至2023年9月6日，公司已收到盛祎、盛松、薛小丽、倪进宽、余方成、吴春扣、陆宇君、戈翔俊、陈都亮、圣利、董雪强、文涛、付荷庆、陈韵和盛月瑶15名认购人缴纳的出资款1,723.09万元。本次股票发行新增股份于2023年10月23日在股转系统挂牌并公开转让。（PDF第32页）。 注：各认购人个别股数招股说明书未单独披露，此处按当前持股数÷1.38（2023年每10股转增3.80股权益分派）反向推算，与验资总额1,723.09万元一致。",
AUTO-SUB-920100-008,920100,三协电机,920100_三协电机.jsonl,8,"32,37-38",2023/10/23,第2批,吴春扣,自然人/其他,10,54.1,5.41,5.41,,,,人民币,"2023年5月26日，公司召开第二届董事会第十三次会议审议通过了《关于<常州三协电机股份有限公司股票定向发行说明书>的议案》。2023年6月15日，公司召开2023年第三次临时股东大会，审议通过了上述议案。本次股票拟发行价格为5.41元/股，拟发行普通股321.50万股，拟募集资金总额为1,739.32万元，募集资金用途为补充流动资金。2023年7月5日，全国股转公司就公司本次股票发行事项出具了《关于同意常州三协电机股份有限公司股票定向发行的函》（股转函〔2023〕1295号）。2023年9月8日，苏亚金诚出具《验资报告》（苏亚验[2023]10号），经审验，截至2023年9月6日，公司已收到盛祎、盛松、薛小丽、倪进宽、余方成、吴春扣、陆宇君、戈翔俊、陈都亮、圣利、董雪强、文涛、付荷庆、陈韵和盛月瑶15名认购人缴纳的出资款1,723.09万元。本次股票发行新增股份于2023年10月23日在股转系统挂牌并公开转让。（PDF第32页）。 注：各认购人个别股数招股说明书未单独披露，此处按当前持股数÷1.38（2023年每10股转增3.80股权益分派）反向推算，与验资总额1,723.09万元一致。",
AUTO-SUB-920100-009,920100,三协电机,920100_三协电机.jsonl,9,"32,37-38",2023/10/23,第2批,陆宇君,自然人/其他,8,43.28,5.41,5.41,,,,人民币,"2023年5月26日，公司召开第二届董事会第十三次会议审议通过了《关于<常州三协电机股份有限公司股票定向发行说明书>的议案》。2023年6月15日，公司召开2023年第三次临时股东大会，审议通过了上述议案。本次股票拟发行价格为5.41元/股，拟发行普通股321.50万股，拟募集资金总额为1,739.32万元，募集资金用途为补充流动资金。2023年7月5日，全国股转公司就公司本次股票发行事项出具了《关于同意常州三协电机股份有限公司股票定向发行的函》（股转函〔2023〕1295号）。2023年9月8日，苏亚金诚出具《验资报告》（苏亚验[2023]10号），经审验，截至2023年9月6日，公司已收到盛祎、盛松、薛小丽、倪进宽、余方成、吴春扣、陆宇君、戈翔俊、陈都亮、圣利、董雪强、文涛、付荷庆、陈韵和盛月瑶15名认购人缴纳的出资款1,723.09万元。本次股票发行新增股份于2023年10月23日在股转系统挂牌并公开转让。（PDF第32页）。 注：各认购人个别股数招股说明书未单独披露，此处按当前持股数÷1.38（2023年每10股转增3.80股权益分派）反向推算，与验资总额1,723.09万元一致。",
AUTO-SUB-920100-010,920100,三协电机,920100_三协电机.jsonl,10,"32,37-38",2023/10/23,第2批,戈翔俊,自然人/其他,8,43.28,5.41,5.41,,,,人民币,"2023年5月26日，公司召开第二届董事会第十三次会议审议通过了《关于<常州三协电机股份有限公司股票定向发行说明书>的议案》。2023年6月15日，公司召开2023年第三次临时股东大会，审议通过了上述议案。本次股票拟发行价格为5.41元/股，拟发行普通股321.50万股，拟募集资金总额为1,739.32万元，募集资金用途为补充流动资金。2023年7月5日，全国股转公司就公司本次股票发行事项出具了《关于同意常州三协电机股份有限公司股票定向发行的函》（股转函〔2023〕1295号）。2023年9月8日，苏亚金诚出具《验资报告》（苏亚验[2023]10号），经审验，截至2023年9月6日，公司已收到盛祎、盛松、薛小丽、倪进宽、余方成、吴春扣、陆宇君、戈翔俊、陈都亮、圣利、董雪强、文涛、付荷庆、陈韵和盛月瑶15名认购人缴纳的出资款1,723.09万元。本次股票发行新增股份于2023年10月23日在股转系统挂牌并公开转让。（PDF第32页）。 注：各认购人个别股数招股说明书未单独披露，此处按当前持股数÷1.38（2023年每10股转增3.80股权益分派）反向推算，与验资总额1,723.09万元一致。",
AUTO-SUB-920100-011,920100,三协电机,920100_三协电机.jsonl,11,"32,37-38",2023/10/23,第2批,陈都亮,自然人/其他,5,27.05,5.41,5.41,,,,人民币,"2023年5月26日，公司召开第二届董事会第十三次会议审议通过了《关于<常州三协电机股份有限公司股票定向发行说明书>的议案》。2023年6月15日，公司召开2023年第三次临时股东大会，审议通过了上述议案。本次股票拟发行价格为5.41元/股，拟发行普通股321.50万股，拟募集资金总额为1,739.32万元，募集资金用途为补充流动资金。2023年7月5日，全国股转公司就公司本次股票发行事项出具了《关于同意常州三协电机股份有限公司股票定向发行的函》（股转函〔2023〕1295号）。2023年9月8日，苏亚金诚出具《验资报告》（苏亚验[2023]10号），经审验，截至2023年9月6日，公司已收到盛祎、盛松、薛小丽、倪进宽、余方成、吴春扣、陆宇君、戈翔俊、陈都亮、圣利、董雪强、文涛、付荷庆、陈韵和盛月瑶15名认购人缴纳的出资款1,723.09万元。本次股票发行新增股份于2023年10月23日在股转系统挂牌并公开转让。（PDF第32页）。 注：各认购人个别股数招股说明书未单独披露，此处按当前持股数÷1.38（2023年每10股转增3.80股权益分派）反向推算，与验资总额1,723.09万元一致。",
AUTO-SUB-920100-012,920100,三协电机,920100_三协电机.jsonl,12,"32,37-38",2023/10/23,第2批,圣利,自然人/其他,5,27.05,5.41,5.41,,,,人民币,"2023年5月26日，公司召开第二届董事会第十三次会议审议通过了《关于<常州三协电机股份有限公司股票定向发行说明书>的议案》。2023年6月15日，公司召开2023年第三次临时股东大会，审议通过了上述议案。本次股票拟发行价格为5.41元/股，拟发行普通股321.50万股，拟募集资金总额为1,739.32万元，募集资金用途为补充流动资金。2023年7月5日，全国股转公司就公司本次股票发行事项出具了《关于同意常州三协电机股份有限公司股票定向发行的函》（股转函〔2023〕1295号）。2023年9月8日，苏亚金诚出具《验资报告》（苏亚验[2023]10号），经审验，截至2023年9月6日，公司已收到盛祎、盛松、薛小丽、倪进宽、余方成、吴春扣、陆宇君、戈翔俊、陈都亮、圣利、董雪强、文涛、付荷庆、陈韵和盛月瑶15名认购人缴纳的出资款1,723.09万元。本次股票发行新增股份于2023年10月23日在股转系统挂牌并公开转让。（PDF第32页）。 注：各认购人个别股数招股说明书未单独披露，此处按当前持股数÷1.38（2023年每10股转增3.80股权益分派）反向推算，与验资总额1,723.09万元一致。",
AUTO-SUB-920100-013,920100,三协电机,920100_三协电机.jsonl,13,"32,37-38",2023/10/23,第2批,董雪强,自然人/其他,3,16.23,5.41,5.41,,,,人民币,"2023年5月26日，公司召开第二届董事会第十三次会议审议通过了《关于<常州三协电机股份有限公司股票定向发行说明书>的议案》。2023年6月15日，公司召开2023年第三次临时股东大会，审议通过了上述议案。本次股票拟发行价格为5.41元/股，拟发行普通股321.50万股，拟募集资金总额为1,739.32万元，募集资金用途为补充流动资金。2023年7月5日，全国股转公司就公司本次股票发行事项出具了《关于同意常州三协电机股份有限公司股票定向发行的函》（股转函〔2023〕1295号）。2023年9月8日，苏亚金诚出具《验资报告》（苏亚验[2023]10号），经审验，截至2023年9月6日，公司已收到盛祎、盛松、薛小丽、倪进宽、余方成、吴春扣、陆宇君、戈翔俊、陈都亮、圣利、董雪强、文涛、付荷庆、陈韵和盛月瑶15名认购人缴纳的出资款1,723.09万元。本次股票发行新增股份于2023年10月23日在股转系统挂牌并公开转让。（PDF第32页）。 注：各认购人个别股数招股说明书未单独披露，此处按当前持股数÷1.38（2023年每10股转增3.80股权益分派）反向推算，与验资总额1,723.09万元一致。",
AUTO-SUB-920100-014,920100,三协电机,920100_三协电机.jsonl,14,"32,37-38",2023/10/23,第2批,文涛,自然人/其他,3,16.23,5.41,5.41,,,,人民币,"2023年5月26日，公司召开第二届董事会第十三次会议审议通过了《关于<常州三协电机股份有限公司股票定向发行说明书>的议案》。2023年6月15日，公司召开2023年第三次临时股东大会，审议通过了上述议案。本次股票拟发行价格为5.41元/股，拟发行普通股321.50万股，拟募集资金总额为1,739.32万元，募集资金用途为补充流动资金。2023年7月5日，全国股转公司就公司本次股票发行事项出具了《关于同意常州三协电机股份有限公司股票定向发行的函》（股转函〔2023〕1295号）。2023年9月8日，苏亚金诚出具《验资报告》（苏亚验[2023]10号），经审验，截至2023年9月6日，公司已收到盛祎、盛松、薛小丽、倪进宽、余方成、吴春扣、陆宇君、戈翔俊、陈都亮、圣利、董雪强、文涛、付荷庆、陈韵和盛月瑶15名认购人缴纳的出资款1,723.09万元。本次股票发行新增股份于2023年10月23日在股转系统挂牌并公开转让。（PDF第32页）。 注：各认购人个别股数招股说明书未单独披露，此处按当前持股数÷1.38（2023年每10股转增3.80股权益分派）反向推算，与验资总额1,723.09万元一致。",
AUTO-SUB-920100-015,920100,三协电机,920100_三协电机.jsonl,15,"32,37-38",2023/10/23,第2批,付荷庆,自然人/其他,3,16.23,5.41,5.41,,,,人民币,"2023年5月26日，公司召开第二届董事会第十三次会议审议通过了《关于<常州三协电机股份有限公司股票定向发行说明书>的议案》。2023年6月15日，公司召开2023年第三次临时股东大会，审议通过了上述议案。本次股票拟发行价格为5.41元/股，拟发行普通股321.50万股，拟募集资金总额为1,739.32万元，募集资金用途为补充流动资金。2023年7月5日，全国股转公司就公司本次股票发行事项出具了《关于同意常州三协电机股份有限公司股票定向发行的函》（股转函〔2023〕1295号）。2023年9月8日，苏亚金诚出具《验资报告》（苏亚验[2023]10号），经审验，截至2023年9月6日，公司已收到盛祎、盛松、薛小丽、倪进宽、余方成、吴春扣、陆宇君、戈翔俊、陈都亮、圣利、董雪强、文涛、付荷庆、陈韵和盛月瑶15名认购人缴纳的出资款1,723.09万元。本次股票发行新增股份于2023年10月23日在股转系统挂牌并公开转让。（PDF第32页）。 注：各认购人个别股数招股说明书未单独披露，此处按当前持股数÷1.38（2023年每10股转增3.80股权益分派）反向推算，与验资总额1,723.09万元一致。",
AUTO-SUB-920100-016,920100,三协电机,920100_三协电机.jsonl,16,"32,37-38",2023/10/23,第2批,陈韵,自然人/其他,1,5.41,5.41,5.41,,,,人民币,"2023年5月26日，公司召开第二届董事会第十三次会议审议通过了《关于<常州三协电机股份有限公司股票定向发行说明书>的议案》。2023年6月15日，公司召开2023年第三次临时股东大会，审议通过了上述议案。本次股票拟发行价格为5.41元/股，拟发行普通股321.50万股，拟募集资金总额为1,739.32万元，募集资金用途为补充流动资金。2023年7月5日，全国股转公司就公司本次股票发行事项出具了《关于同意常州三协电机股份有限公司股票定向发行的函》（股转函〔2023〕1295号）。2023年9月8日，苏亚金诚出具《验资报告》（苏亚验[2023]10号），经审验，截至2023年9月6日，公司已收到盛祎、盛松、薛小丽、倪进宽、余方成、吴春扣、陆宇君、戈翔俊、陈都亮、圣利、董雪强、文涛、付荷庆、陈韵和盛月瑶15名认购人缴纳的出资款1,723.09万元。本次股票发行新增股份于2023年10月23日在股转系统挂牌并公开转让。（PDF第32页）。 注：各认购人个别股数招股说明书未单独披露，此处按当前持股数÷1.38（2023年每10股转增3.80股权益分派）反向推算，与验资总额1,723.09万元一致。",
AUTO-SUB-920100-017,920100,三协电机,920100_三协电机.jsonl,17,"32,37-38",2023/10/23,第2批,盛月瑶,自然人/其他,39,210.99,5.41,5.41,,,,人民币,"2023年5月26日，公司召开第二届董事会第十三次会议审议通过了《关于<常州三协电机股份有限公司股票定向发行说明书>的议案》。2023年6月15日，公司召开2023年第三次临时股东大会，审议通过了上述议案。本次股票拟发行价格为5.41元/股，拟发行普通股321.50万股，拟募集资金总额为1,739.32万元，募集资金用途为补充流动资金。2023年7月5日，全国股转公司就公司本次股票发行事项出具了《关于同意常州三协电机股份有限公司股票定向发行的函》（股转函〔2023〕1295号）。2023年9月8日，苏亚金诚出具《验资报告》（苏亚验[2023]10号），经审验，截至2023年9月6日，公司已收到盛祎、盛松、薛小丽、倪进宽、余方成、吴春扣、陆宇君、戈翔俊、陈都亮、圣利、董雪强、文涛、付荷庆、陈韵和盛月瑶15名认购人缴纳的出资款1,723.09万元。本次股票发行新增股份于2023年10月23日在股转系统挂牌并公开转让。（PDF第32页）。 注：各认购人个别股数招股说明书未单独披露，此处按当前持股数÷1.38（2023年每10股转增3.80股权益分派）反向推算，与验资总额1,723.09万元一致。",
AUTO-SUB-920116-001,920116,星图测控,920116_星图测控.jsonl,1,1-1-48,2016/12/14,t0-公司设立,北京四方继保自动化股份有限公司,产业资本/法人股东,1200,1200,1,1,法人,60,1200,人民币,"中科星图测控技术股份有限公司 招股说明书 1、2016年12月，星图测控有限设立 2016年12月14日，星图测控有限取得西安市工商行政管理局核发的《营业执照》。 公司设立时的股权结构情况如下： 序号 股东名称 认缴出资额（万元） 出资比例（%） 出资方式 1 四方股份 1,200.00 60.00 货币 2 罗永红 400.00 20.00 货币 3 王金林 400.00 20.00 货币 合计 2,000.00 100.00 / 注：公司历史沿革中存在股权代持情形，罗永红代牛威持股、王金林代吴功友持股。",
AUTO-SUB-920116-002,920116,星图测控,920116_星图测控.jsonl,2,1-1-48,2016/12/14,t0-公司设立,罗永红,自然人/其他,400,400,1,1,自然人,20,400,人民币,"中科星图测控技术股份有限公司 招股说明书 1、2016年12月，星图测控有限设立 2016年12月14日，星图测控有限取得西安市工商行政管理局核发的《营业执照》。 公司设立时的股权结构情况如下： 序号 股东名称 认缴出资额（万元） 出资比例（%） 出资方式 1 四方股份 1,200.00 60.00 货币 2 罗永红 400.00 20.00 货币 3 王金林 400.00 20.00 货币 合计 2,000.00 100.00 / 注：公司历史沿革中存在股权代持情形，罗永红代牛威持股、王金林代吴功友持股。",
AUTO-SUB-920116-003,920116,星图测控,920116_星图测控.jsonl,3,1-1-48,2016/12/14,t0-公司设立,王金林,自然人/其他,400,400,1,1,自然人,20,400,人民币,"中科星图测控技术股份有限公司 招股说明书 1、2016年12月，星图测控有限设立 2016年12月14日，星图测控有限取得西安市工商行政管理局核发的《营业执照》。 公司设立时的股权结构情况如下： 序号 股东名称 认缴出资额（万元） 出资比例（%） 出资方式 1 四方股份 1,200.00 60.00 货币 2 罗永红 400.00 20.00 货币 3 王金林 400.00 20.00 货币 合计 2,000.00 100.00 / 注：公司历史沿革中存在股权代持情形，罗永红代牛威持股、王金林代吴功友持股。",
AUTO-SUB-920116-004,920116,星图测控,920116_星图测控.jsonl,4,"1-1-35, 1-1-302",2023/5/8,2023年第一次股票定向发行,共青城策星银河投资合伙企业（有限合伙）,员工持股平台/员工激励,279,1757.7,6.3,6.3,合伙企业,,1757.7,人民币,"中科星图测控技术股份有限公司 招股说明书（申报稿） （四）申报前十二个月新增股东情况 2023年3-5月，公司向特定对象定向发行750万股，发行价格6.30元/股，具体情况如下： 序号 股东名称 认购股份（万股） 认购金额（万元） 1 策星银河 279.00 1,757.70 2 策星逐日 171.00 1,077.30 3 幸福二期 300.00 1,890.00 合计 750.00 4,725.00 2023年3月28日，公司分别召开第一届董事会第六次会议与第一届监事会第三次会议审议通过了《关于<中科星图测控技术股份有限公司2023年第一次股票定向发行说明书>的议案》。2023年4月12日，公司召开了2023年第三次临时股东大会，审议通过了上述议案。全国股转公司于2023年4月26日向公司出具了《关于同意中科星图测控技术股份有限公司股票定向发行的函》（股转函〔2023〕876号）。公司本次定向发行新增股份于2023年5月19日起在全国中小企业股份转让系统挂牌并公开转让。",
AUTO-SUB-920116-005,920116,星图测控,920116_星图测控.jsonl,5,"1-1-35, 1-1-302",2023/5/8,2023年第一次股票定向发行,共青城策星逐日投资合伙企业（有限合伙）,员工持股平台/员工激励,171,1077.3,6.3,6.3,合伙企业,,1077.3,人民币,"中科星图测控技术股份有限公司 招股说明书（申报稿） （四）申报前十二个月新增股东情况 2023年3-5月，公司向特定对象定向发行750万股，发行价格6.30元/股，具体情况如下： 序号 股东名称 认购股份（万股） 认购金额（万元） 1 策星银河 279.00 1,757.70 2 策星逐日 171.00 1,077.30 3 幸福二期 300.00 1,890.00 合计 750.00 4,725.00 2023年3月28日，公司分别召开第一届董事会第六次会议与第一届监事会第三次会议审议通过了《关于<中科星图测控技术股份有限公司2023年第一次股票定向发行说明书>的议案》。2023年4月12日，公司召开了2023年第三次临时股东大会，审议通过了上述议案。全国股转公司于2023年4月26日向公司出具了《关于同意中科星图测控技术股份有限公司股票定向发行的函》（股转函〔2023〕876号）。公司本次定向发行新增股份于2023年5月19日起在全国中小企业股份转让系统挂牌并公开转让。",
AUTO-SUB-920116-006,920116,星图测控,920116_星图测控.jsonl,6,"1-1-35, 1-1-302",2023/5/8,2023年第一次股票定向发行,共青城星图幸福二期投资合伙企业（有限合伙）,合伙企业-待复核,300,1890,6.3,6.3,合伙企业,,1890,人民币,"中科星图测控技术股份有限公司 招股说明书（申报稿） （四）申报前十二个月新增股东情况 2023年3-5月，公司向特定对象定向发行750万股，发行价格6.30元/股，具体情况如下： 序号 股东名称 认购股份（万股） 认购金额（万元） 1 策星银河 279.00 1,757.70 2 策星逐日 171.00 1,077.30 3 幸福二期 300.00 1,890.00 合计 750.00 4,725.00 2023年3月28日，公司分别召开第一届董事会第六次会议与第一届监事会第三次会议审议通过了《关于<中科星图测控技术股份有限公司2023年第一次股票定向发行说明书>的议案》。2023年4月12日，公司召开了2023年第三次临时股东大会，审议通过了上述议案。全国股转公司于2023年4月26日向公司出具了《关于同意中科星图测控技术股份有限公司股票定向发行的函》（股转函〔2023〕876号）。公司本次定向发行新增股份于2023年5月19日起在全国中小企业股份转让系统挂牌并公开转让。",
